-- phpMyAdmin SQL Dump
-- version 5.1.0
-- https://www.phpmyadmin.net/
--
-- Host: 127.0.0.1
-- Generation Time: Jul 26, 2021 at 07:14 AM
-- Server version: 10.4.19-MariaDB
-- PHP Version: 7.4.19

SET SQL_MODE = "NO_AUTO_VALUE_ON_ZERO";
START TRANSACTION;
SET time_zone = "+00:00";


/*!40101 SET @OLD_CHARACTER_SET_CLIENT=@@CHARACTER_SET_CLIENT */;
/*!40101 SET @OLD_CHARACTER_SET_RESULTS=@@CHARACTER_SET_RESULTS */;
/*!40101 SET @OLD_COLLATION_CONNECTION=@@COLLATION_CONNECTION */;
/*!40101 SET NAMES utf8mb4 */;

--
-- Database: `laravelangular`
--

-- --------------------------------------------------------

--
-- Table structure for table `abouts`
--

CREATE TABLE `abouts` (
  `id` bigint(20) UNSIGNED NOT NULL,
  `content` text COLLATE utf8mb4_unicode_ci NOT NULL,
  `created_at` timestamp NULL DEFAULT NULL,
  `updated_at` timestamp NULL DEFAULT NULL
) ENGINE=InnoDB DEFAULT CHARSET=utf8mb4 COLLATE=utf8mb4_unicode_ci;

--
-- Dumping data for table `abouts`
--

INSERT INTO `abouts` (`id`, `content`, `created_at`, `updated_at`) VALUES
(2, '<h1 style=\"outline: none; border-radius: 0px; box-shadow: none; margin-right: 0px; margin-bottom: 0px; margin-left: 0px; font-size: 36px; font-family: &quot;Open Sans&quot;, sans-serif; font-weight: 700; line-height: 40px; color: rgb(65, 65, 65); padding: 0px 0px 15px;\">&lt;h1&gt; display style</h1><h6 style=\"outline: none; border-radius: 0px; box-shadow: none; margin-right: 0px; margin-bottom: 0px; margin-left: 0px; font-size: 36px; font-family: &quot;Open Sans&quot;, sans-serif; font-weight: 700; line-height: 40px; color: rgb(65, 65, 65); padding: 0px 0px 15px;\"><p style=\"outline: none; border-radius: 0px; box-shadow: none; margin-right: 0px; margin-bottom: 0px; margin-left: 0px; padding: 0px 0px 20px; font-size: 14px; font-weight: 400;\">Lorem ipsum dolor sit amet, consectetur adipisicing elit, sed do eiusmod tempor incididunt ut labore et dolore magna aliqua. Ut enim ad minim veniam, quis nostrud exercitation ullamco laboris nisi ut aliquip ex ea commodo consequat. Duis aute irure dolor in reprehenderit in voluptate velit esse cillum dolore eu fugiat nulla pariatur. Excepteur sint occaecat cupidatat non proident, sunt in culpa qui officia deserunt mollit anim id est laborum.</p></h6><h2 style=\"outline: none; border-radius: 0px; box-shadow: none; font-family: &quot;Open Sans&quot;, sans-serif; font-weight: 700; line-height: 34px; color: rgb(65, 65, 65); margin: 20px 0px 10px; font-size: 30px; padding: 0px;\"><img src=\"data:image/jpeg;base64,/9j/4AAQSkZJRgABAQEAlgCWAAD/2wBDAA4JCgwKCQ4MCwwPDw4QFSIWFRMTFSoeIBkiMiw0NDEsMC83Pk9DNzpLOy8wRV5GS1JUWVlZNUJhaGBWZ09XWVX/2wBDAQ8PDxUSFSgWFihVOTA5VVVVVVVVVVVVVVVVVVVVVVVVVVVVVVVVVVVVVVVVVVVVVVVVVVVVVVVVVVVVVVVVVVX/wgARCAFvAowDASIAAhEBAxEB/8QAGgAAAwEBAQEAAAAAAAAAAAAAAQIDBAAFBv/EABcBAQEBAQAAAAAAAAAAAAAAAAABAgP/2gAMAwEAAhADEAAAAfnTzSqKAS0rxQETRIJ3And3A7uODAXiE49xxDL3FTirE51CJ1jUjUEe0JE+uy5xVETlFOZAI4p3dx3EHd3Hd3qnlc+883vSseP2zeeJ3sZye8bjL3o4B8+nUeWNlJc4pes43YC8fRVPM7VNYruiZpMI8rm6gGBO06jnjLx7hePIvMDgeXu7kU8QcQBgRgSIWKy0U6VM9p1Gmgol+M0gpQydqCYob4WYlolnd3Jx7ju7jgeB6Xnce/P0vla95VQ8r6j532CKeb6Z63lXc9PxfT8yNW/PGtijLBZbkkpkPUxa5WXgWO8j0s8uPbiovjd3HKwJ2jYoQZSDwp7k7iAd3B4cDuAe4gIYNA003ZIHpVh6k1mzeux5i+hiEMuS6oxRoVBk25ayw0S1lOPIOJF5+E4hO7uO7uO7uAe4HEHobcHoDjgNadKkQJW4Ok6K4jKwwAIxvnl6ubceHwNcrAlWTGnptDFGVuHBVuRe4B7iq8eTieBUWljG+NqO3F71zqorY6PRGs5Txgwe9nPILxRqZ3NclYxDhrKv3DulFZ1aVM/o8nkDZk1kd3J3dx3dxwPG/Zj1hKkpaOgghWWpMaa0SlGVxUKnZr5pZ6clDzmVjl5aVhQ5nMqc3APE7u4HHgceAe4JHF3SssMfp+csff8AF90sVGd3fz89z7I8u9akRpcXm+55CZ+Qazrpi0ywNoXM3So90eaqetLNnCLj2A8Uen52sL3dZ3dx3dxv15dYKzoKZkVKJLphRA0k9WpEgBnAjSJOiOvmkGwc3CUnWK8BKQvU5Qw3IynhweBO7gHgR9eHRF8PoZGs+vD1np6PJ92a8mXq4zNauqwaCZT526UePXStDH6ONJ5dUNYXRnuXoj50bxcuvMCJeWcatZ4y+jg1hT3WDu49HTl2HOjknWhm7hLbl4bjIvTPopetIlG8IlRLnklepuHC2jaKKQvEAbk47lCMU5aFeHAENy9T8nHqRSud+dUenYPShrlmlMy0p1LEk8ZRyNKIV6MudjvEp6FszWoRqyfNLBSzTaU5dCBWLVXFrKeSNOfeF5lT1dGLUGknFKTOfqSoW4M9PUxoySS3GbLvyy56FjxyDR7gLaNYorIoAAxXkJDChwHu5ru7k7u5ACDRfLoz0j7HjegtuyiW72vZi0QzHoJKkpYgzzHnWVrJrl+Rkvpybprz5+rhItAWamy0jRNBK8gtHVjY0Z78mCfoZtZ1Wx2ubcrhhpgWrGhQKSqICwBOHRHg0xSCeaGEo7upaToVRxLIUCKHBzF1mKA7iReYiBwJx4F89c6R0nW9alu9KNZ5y73iFJnKgnIz5RTWeaJs6+O0bdGZs79Wa+cTyUXWZvo0Lho+SKmNEBRqvfJqliClhV1uW2YtFy4DnUmwXUjLSYXEiqFSssgXUuZTJw6O7upXRypUy9x4B7gkcEdwQyx3d1cCwqvMVwJoLxsPp+TsXZopoztD2VnprlltkmtgqGTM021lLQutPT8q+d2em3N8fRubUjqQneftjL4Lel5ty/WhZW8tMuRLZSlsr6zW0qppmY3NqZmWr4nNJxsab+Y56OLXkTJtwdKSQuTiUXu4VkanKtKxBO7gdw4PBjgQcysc11iUqBRKs5Z93alhbEe8PJhL62XzzZsIvnUzpUkaKeetk1jkK1Ro+jL3veZszvSjxhV4KiaeIeT7HmFsfo5bl9Ge8ubJrhZMOdZa0ETaud6o03kWsnFK1ED1NGTbhrP3GVldTLx5Arqs3V7A3GViGOV+ifOBW7qAPvS4vSMpoJp5fAT3fITOHmi9UWVxb8R3cakmudh049mdVKpNEnkguzCnZ9M9Zh7Xlal9cKmOjyjqXdlz2sTUVyhlqlUlqzMlg0sJasGoCqbyw7qHdycUBtv5u2RhdAboVh8W7DZlIM0zzJm5ShVgSpOlNxMofuDwMcrgXmFd7HketneqaylzYvoY15S7MMnUGgypphZbJtyCpoSgyVMllhrPq5xXO25Oi2ehTDSFtZRL5q26/EeX1cxpnpoti3S3laEQkOT0MevElhSZHLy7zIgby7pRVVuRFbqBQnoX830My1Ykvk14UgeWaZKqYmQo4QArGlUafS1MiOZ8VVCjcjrT1cHpZ3PQhlFVzVfy7rEaLVJSTTSwtOQHmrLYCkhtxaz1I9vG7LPs3dwOdZ4tHWfQyvTOsa6p6yt0Mu/V4ds79OPl6TRzLnXoZtMopl1ZDDzx645HnrNmV14OIRXVVBZF05werbD6cyuPRAiu3HNKwJk4cnEMI6tRB6UniA9ycCBmVlPteFpl9cd00PK9bPLn3T0nkF86DQk6RqRR2Kixc1TDty3OVg+8cpBrVUlhxexPW870s78+3WST57CzfOJedjZTFrx0s1pZDJr8+ji9Dz95KPPebOlVK8TkPAVlgA9Xe14lZPax6caBoPnXcXPPHchebAKtTdxlcjk4dwAeCy8cpmX2+WZr2dPjbM79YZbWYvP9Xyo1YdcbLQvM0RtjlS8rVGF5axAkdMMjJGiZBTupVZSbOnObopx7eaSRBbypnVeAxr2Hxb86z4N2EnGkemEDJrNayq047lI4iLRYnzKnJVa9CeLVMrWFc6ZhRfM5jcqXUmwBRhSOL8T5uE5+E5gCNoncCNpzvNbNM9udjyvb8a5rLRKVl4HRo1ScORjryaxIMOmOnScMo49JAKRGJnommMz9vrzCjxzXzTR3eftzR7Hj+nnUs9ckqQtHeDGsdylo2VmUilWGR1lke5CGUmxRL0z2i7ckuIobGA4HAlWk0aBMhK8NykHcAxpMPdwkrrqexs+cXOvf8nO+s+zKd+XWBBOeOrUjSdpY5NmHWJ93dMBGEIwJo0wpUwUEG/EUSxMemmrFl5toTT6M2itGvPq578yeam8Um0CiE7k9GfQVILUuaaUPMslPQysbElWcC+esm3krL5hbrF6ikyHGYGCSQg8Jz8T5wCVkWZcIs6zsBDaFiyHTiMvqSePLrLfitrM9eLVLLLq8/eD011mnLQUBD2c1XrCNMjg0QrogaMDPCNVyujPTn01mGOM0PT8/phDxosrLO0qFjyKZnipVlQMDiHRJWnLJgGdts2rLCZ9VZ8BKTcqUMVKlT3ccGCAFAgcp4MIls2s3WX02p859D5OWNWbRlPQmF5dW4GxdeW638X1pax5gp2s86mrhUjU+HTR7RMxW2zMy6SZNuLWj4fQwrD0MLZ3bHtxgTjc93FQ6EWiksHmqFKJRuKzDiVGWlhm6rBXRmuzFryxcygIKKyurEGGZLCEgcqBpsgCOVirHTsLCsu3mubvpj56T8aM9641J5aZVHoeZZrwex4es93CiQw2gZDTKLGyiqLWWwTMWEYOZY+j5ktWV2rZqoR4hAQRWUhZGNEnWWdY3pnSiz7ggYAZWBBKykO3BtTOFMAqwro6uQYoRwhDHCiL3Eic3CuvF05Upmbt5nvyJXFXKNN4bNTbHl6fc8+sUL5xlZChBrqRqb8gY2efq4xaGzmq3mMJfuIwuJVvnu0tIXiCkUO7k4cBgyl0DLO0bhYMKeWXgVqiN0RlaLI24tSZ24xM8RaTqvMGhnQBChaLzAYsT4qEhwDqWTk77zPRNiIckxpyinZUyyvqPLBUpN0ijI9b82VgVkx6uH3/mjfp8SpnuyxUrrsy5GlNPfPYNJu1EMiDgTldQgMc8nOpOw7IGiCqMO5eB4SFZTItKif/EACsQAAIBAgUEAgMAAwEBAAAAAAECAAMRBBASITEgIjJBEzAjQEIFFDNDFf/aAAgBAQABBQLpX9c/XeXl5eXh/Sw8A3dSIst2g5fygspbSIhsSe62/EI39y2556V/XMGVxOyapzkBL5FZb7cLhFxCMpVkwo/1sHhf9mHDYdTXp0klPAoaH+vhZi8IcPMDQNRdNHVVplVEXuJwlhTp63rYbQiXMq0UVfhVxbTDRVYKatHplSia3rUNCI1MJffSzdS/r6SYqwxoBLQbSwI0QpLESwMZJaH68BV+KvjsMWxP+SqAT/ESrhsO1SqoWpTUN/jqeApVD/kMQHlLswTbsO6gRMMt6yPeoifHKR+WlhP+uJ/6YV7vjNq2J8EO+JHbQ7Uod9FltEtNXUv61pabQwKZommCWtnaaYdowvG+yljEOHdi7/4uoiSrhUepXoilDUT/AObQrGhUx4pVVwGIU0ThzepVAUmYchUQ6amJqDThn01LinXrAVlw6CjKx11K9qiogU1agcvU+MU8SxfEW+ThgR1D9MZ3muKFMenNLLA14ZzAcuJfJhDtG/Uw3Gkz2YsMMtk0SES3Q0EJgU9ByX9MCao7zUSaVO8RNOWmNRBjKVyvLy98gb5PkR0WlppMt9mH43sTYxYefYl924SGCGDI5DkdS/pAQwmNvMNS1RRbIZkXlSjCJfLVL2MfiGWgWbTaC00wpGS314Ydoh5gh5aCDky9mMWHoeLzq6h+iouTDGyw4smQ6alMMHW04nMG4pmHhucxfLTBBNMqUvqw/iDPftYZ7BGTc+rxYYTaXix4Ok5D9GlzGlQb+qQ7em0OVSNtL3l7Sm3e2xeaNpaCDeWlpa2dSnCLfRh/HIQ7RWjDf2Ixg8YsaGHhY+Q6h+jR8ztGF1eEdyy8vDUtDiIrFp3QNky3FVYYLxbhnOwAEdtUEG0GQztDlUp3hBXrwgv0VOEjcnkcMJ4wQRsjxx9I/RU2NTcHxYXgNqgrQVbw8MNydM1xasV4MqwloFvPka3toclgGYnM4nM4ydNQIt1YbxzqROTyu5h3hgl56EMPHUch+kpuF3W0vpc1N13lIfjKR6IuEpiJSWCmohyYXnxbsbTUppARty43EEEtOYIJzGusBDjjKqlx04bg51N5T5blMhG3yUXytLQxZ726h9N/p4lPdX8qglFQYN4o2IlrwIIBbI5mVBu9lVeBuag3Ag3iy2V8+Qbo19QBvlVTpwnjm0pnduVE4IEMtuiy25nrIQdS/p0WjyoJQTsUd3E03gezAy8MObcAbVTfKnHHdphWeUVsuMzOZ4loDeGOlujD+Il8m4Q7t5cAwS007DK007FbBhaaYB1D9Ol5mVJT8fl0s2IIn+xVaCmTA9oGhPRUO2sGmdyeKfD5abh0sb3gaarZX0y4MJjbi9p4m9xzGSFbZYZSU3yEteabGC1jYiwm1tUBmoiajNULm18rdQ/TTyhO1N+3khDEAEusqaTASCD0VuKfMbike2pz6WMt49OGaoDaBsrwG2am2RhhETaGoYDeW2BtBzkMjvmc+Yci1j0jrH2Dn2ZTaDtiuxK06rD/AF3jUGtSVpxBLy8rtKcPLRDYMd/VE7CNYBzrLACB5eXmqGHNTOZexIgyEBseZaDIHf3G8txCRB3Sxue2G0Glp8Y6h1j7PcPI2lO1REIot85neZoEIh5l4zSoblNlJ7mMBl9qe4/5tq2quXLz4muKE+DZqBEPbAYJ7g5WG191g3hEEME9ierw7Rd43LQQcs9ixhBU3l+ofpexkckfQxM1ExBLQ8GGFo7wT03J4XYyk2k7MACJotNBDC5iJAIVlWkDGXSV5qCLuFi81BuGvL2PItbLaCxNrQWEJELCfLaM94XvAUjLtW2gO9Z1desfpegIclO7iYQ3CgQWhIEd4XtGqwtfNto8XgxIbArVlNg00z47zTbK81QmVUuP6qDspZKNzDNUWXgjHK+d9ry+14Git+Ot9Q/Stl7M91BtQbS+ufNGrw1DLky0tLS0qxoId4OSd/iMpKUKm4hMLTVDLQ8W7yPxURE3g55JlpbIHIbzk5Dgz16E/mqZa/643iYeo0q0mpHI5NzGyB21NLmKbQQdA3Mtk0XcrAu1Hgx2AFtuILS0fgiNslEdtLyMWGac7TURNc1T1LwxdxaAXnFOrB+tRwpaDRTDYlVmgVww0scm2gE9HxPMIvGEtEMBl8uTHE5hhnEo2Ii1AseqTKa7iVaiiIrCCVDLXNTwG1Jdo3io7W2nkb26gxisGlp6vE2Iss/mtmOk/TbpoUUQMxM+DVBRprLrDQp1JWp6HnMtG4tcNkeLXW08WGTGKLQwi6eJMIlph20m8YAzRuLJHrExKenIm05g8zCNpUnCnuY7Znqp1LhvFF22Yhb1P4rL0X6DkPrXyJsEawfECPXnzNcVHtzDEWILtyV4cd1oviNha4YbUmyPnkvjXGytCIckrQPeO1gCzxAKcVry8MbaDn+r3Kx+a7WniMhlzLdA2OrUE2GkAHyO6VfDI9Y6LZWlpaWyp/8AT+n4SmpJpU2hwlKVsOyLwF44QDSn9+m3rSkLhj3Q+XBSpCL5E2lM7mONJBhGxyVisV9WQuZTXJjH5/oRYJy7nVUY5jM7dAiGxUy81XP8V4Mtct0XyGd5eXl5eXl8qQ/J/TQbBRqPxmOWSV6emDh/GodCURsPH+7do/5tvF3VvI5K2mfItr3I8sRtH7gDE3VxY5ARahERhA0araB9R/o+SbqOROF/p+fXsdJ6KLEn3a0G61uVbTnfqH1CUPMbkjcy0atphq/KKusUvf8AVQ6mA7NX5DG8eKPpPNx3+pfIQ81+SbZUW7qyxLadMCEy03E+RtJcmUTuw3lLef8AodpU8CIeclytLZHppvqlQCw8a958SHD+pbqH1g6SDtaHl/G+9OmLsupf/Sr2oq6mY2FIXJ3Zt1qxuE86n/VuT01zvkNi262BIJZb92wBKQ6bEWlGX1AC4p9pqf8ASpKx7rdvvIZA3ns8S3Qp0nXekttOI5LHSjC3UYPrMpVrHWDDLai1C5VLTeEflc6nTiuZS2TgKN+XqynzX/61IORmNxX85YwFRFPYQof1o0kIapcLY7xksE2S+llbS2mVfGpMT5LuDz6ghm8P0U3tB4VeQch1GD6zktQrFrXAqGI5OdbZpwHvG2jbuJ4rzKXNc/kq8jgQz2kqbslPVCO2o6ML9q7l6mhixqEmUKg+VApMGyndb9tBtaOO07ypvKbWDeUEB6PctnfOhVutXeDIdRgyH0nMG0VojxXgaYjdE3Z+Oap8kn81DqIlPmoO9xfMxoJqi61CC4cMIWBS+mXuKO0Isr216jpM/ik0Pa+Faxby9PtVI2h2yEBzHAnMJhnuGA2Lm8EGVuoZD6BD0DaAwFopM5iizNvWXlheL3F2mmCLKnn6y9PE4/oUy4GpVNViDfRaMmnK8aWhJMBOlPIrqWk1ixjctvNNoeW4gggPRa3ScgYIN+o9A6zBG6Lxai3QRRLbcYi35UG77Sn4+REEURrEnP08WNzRvZma7KbvTq08ksZyS1JUF8gOwc+1eVFs3uoe8uLk3hE9QRcztBkeT0HIQT19AyOd8xD0NBsaR21qJUxaLC+p1OqCNvHNlHaim6ZFQxqbPkeHyaUzs7tVhpOrO71DcWEYXhFpTvq0fI7jSDzzKW4WUtyz3qEXmmFCII8EXN8hvkesQfSPpPTeajL5CYd7Fu0gRh+Rm7vQ5jcsMzGyaUDpB75TqaSQJRYJT0MGQgF0WU8O5jMtIPULZARA0UXJ2pGa5qEJuY0EHGTcCCe4IOT0LB1jpEPQIfpEE+TVBP6PnxKJuBG7eg8txDKBRqBPceQDPyIO5o9r3uXxTabm6mxCm6qqxQzwWjNeVUs3Uud57XoG2bZLEztLZjO0t1n6iYKm4MvE3NVrU6PAPbXX8QbbVLwbk8Ey8w5/Ga4j/E1LxjU3suwQgioouLsStoqWD7FdKQVdbOfjVammV+T0mCcg5Ebryc/YtkcvawHoOQ+88GxDU9JFNpxFpUa2Hw9SnTbY1RLynbTW8RsPVUoKZEtCIMq+F+NcOKIhqXNQAq1llQUtN99AYWVILtNIiXIEqeXMp6aa192M1HTmMxlfL2B0Xg36VMHF5eXzHReXl+m/QYdoWa+DsKGNULXWo6TCUxVbWbA7E2K+PkQN0GsvucURqEMGVR2eKpY73WnrarhlowUwsoYilTQ1NbotUgtZ9d6hawxASmuIKF1jtec0D1mLL7E9JltjBtmeYk3HUPpPWy7NZqdDENRlZzUaUqhpZJH3nCiyw3aYZiKmKVlN7wRuBxPjbRQLCYtBTqId/hZmqYetSU6Lhlam+KYqPlRflRgNF6lrncjKnuh6zB0DhTLXhnOfqNkp3lukdAhyvL9QlppuWJjpogmFoKlOqLPq/GrCLQsv9V3QnBVaehmH+zUqp8MWNwOI2JLC5B9wVH0/leIorVqypQOqzPXb4rKlCn8WjDUleGLlS2c89Ym0MPKRcr3hyEtk2Xu0v0j7hl7oFVd7NChUUsXU081GOt+zVTqaGd9UcFGEpgStTZGixoOJo/GAPhrpTFJNK1KmID0wdmB1UKWqp/r6q1OhTJFzKtFqA1MAYmXBfyPPWM0n9ZnobNeOkdQ+upUZk3FN6hqKgJLbs2m6MGq4xQlWify/5FQGwaU2wtTThatSr8mS8NF4irBSYx0tValZsOdA+ZdGICWFQhi4LVGYLQZadSoz4h/jYJTTXAJ6h8D1mLGyWHyPQDL5PmvHSP0aSI1V7oV10mqYipqFgBsVOzaTNV58jEUK7UpUcu2S8GLlhEDq1QqoNp5sNb09RaDSZTVfhE065Rpmo9emtJqlc1Kd7QGA5LvT9HpEMGXuMduZfM5CNxknFsjmPrPTTfQwHaVua/y05hqPztU8qyKtWogWuOVxCrCiVQuGPy4jA/HTyXj2mQYqVXXCAIh0nUEwRsAxvPmqfHQw71o6tTrC/wAmMwy0VhyXiU+bWh6RPWYh4loegQ8ZLa3/xAAiEQABAwQCAwEBAAAAAAAAAAABABARAiAwQBIhMUFQImD/2gAIAQMBAT8B/noU/JpHeSNwqloUMcJG2CpRXbgI/CA7sDnBGyELpsi4qNcNK/VwclAbwK5XBC2HOsHK5LnYWHaiwudktCDlFU9PFp06WlEuX8KZcIoVoFTsBzdUxMr03kOKly1xhqtpQC5KUFLFHUBwG2lEuHOsL6sQVNg1OSlAy3tqsACJQXhAosENUFwjhClTrmyV6Y4Qx1zZ5YnELywsOQ6IvFpyHRGQt//EACERAAEDBAMBAQEAAAAAAAAAAAEAEBEgMEBQAhIhMUFg/9oACAECAQE/Af5+NSdQEaRZGXChBePKGimguNCdSWFZcI6U2ChkhQutXzQhpRcMbAwzUHHqiG/X61jDNniw8Uet+vC60DM408kV1XVFQwQxIsCnkgHLhDFNYtFcmGKF1UIiKONglcUUVCFk3A5DlCxDFQhjCvjohR8YDRigqNIM/wD/xAA1EAABAwIDBwQBAwMEAwAAAAABAAIRECESIDEiMEBBUWFxAzJQgZETI6EEQlIUNENisdHh/9oACAEBAAY/AvnjSaxkmsfDaK4potFotOBJ/UgjlCLTqEfWe6OgTtqMKIP9TcdkP0/Vxoeq/wBQtEdF/uf4QM4mlE6BYcTvK7Uwow5YVIMqF+6T4Clh/Kg6oEuVnXV0GrEDKd+oL0mPh+u/E6OsmFv/ACJvoM0avV+k4n+ogk6IhpkdUA52EYdVs+vijov0WizTdNj/ABpfpSeicE9xTgdVfopK+k1DyggnPRYaX+LtvQ97hiA0RcdSvUxOA01Tnf6j07mUI9Vr56LDjGLDpKDx9oet6b2zzEr9L1OS9zcPWVgbRxm6BUAozoViatlwlYnuGLSylAB7deqlz2qBomtZC24hS0ggocZyVlp8EVp8pf8APGlaq/xM5JOeW73TJpuzlms08/Cjc3XWkc0RvLbo571HwJyDd9FdTWTmvvTmso+HAy2V1Zyvm0pJ3Pbduyj4cUnpm9wX/rN2Rhow7yRujGeUKXpbj4zXpemmcwL7yRkkcDFBkPHS4LTdjurZoNJGWQpC7qfypGnyJFChkwncYjpkGS9J5ZO9JFOytwF/hrNhS7VQdyUMvdQVfRdl2rK7K2YxwevEhHLfdlDNdX0rasbjVDrSfijQrZU6K717ltZihSEKRS+a9JzW38BGmoXuhe4ccbTKswq7gPC67+AsLVcbkUg575pydqQRxhrKDm0vv8PKvVX3H3vtFotFI1U0lAjXT4AjpuvrgQaDzR1Lqxyj4qV538DeFGprbeuOnE2Xtjyr7nXcmd3fMfCcaORpJrquu7HDy+3ZRFJf9Ijc9+BspJmnUqTUJy8oZbbqKaa0HDTzUMW05e0Uk6qKwhknNG4w5JUC5Uuu7K7wmtqAoCjcwigUESeHFYC1mmuSUaRUbgqct62XfrnlGkDewpqOFCFJIV2hWspF6uNIq4olTQim0pFR3Cw7i2WKBHJ9cAFal7nghSKar3lXMhSNEFHUrupo4oq1PGWVJQ7BAhTmkK+4d5oSm+d7hoaDiIrCghNXhBDuoXk0CCjqF9ZvpDxWOtHZLKSMxoNzplmnijZWL+7hJCGaKdyoU/QqO5Qb0QTSh4zSh4ySEYQboAg3qsS9y1oV3FQUU0I9t9IWKg8INRBH3wgDskjL3KjpVoRNQhm+q3EoKRSHrCDbVNDLu5rSED1oCgR7XUB6LzSeu/g6cVdWV8nlE9LBAINQanOUmgQzEdaWV+RUQB3FJ6JsXC6dApBcpfoGwnOPtoF4XijggU/zQ7/AePlNb1QCLuixnmmtXYZBlmlldaICFYq58JxnQLFNzyRgz3WHkhSCj4r4oYPAShHGwsKCcUGrtyU9awgvzn9wATgoN1ouq2XYqRWOQr/2bV3Y01+LiMjkfFD/ACgvCNbo59Y6oBACJ7LbBFIJdEXoWlsmOStSIvVr/oq2hQCd8fdwWzcqUDQ/hDIVdHOb/S6LrzspeZUQpUgW0AWyeSkclAELC2rmlFp5KUaWUkj4+DkAQCd5RXncE4ZPdGZW0PtWWIidRCgiEMWiloI880FE3VrVmhil/kg060mnhfdMXbIMmDAcfVQJQlWCBiy1/wDistUGstUTzXIroFA0/wDK8Jw6fJtnkvxT7R7r+VKxRzRzm8QuYhYp/cnRQ7VXOyjYIDCCeZK2UBKgXQPNANdMqeagK/uK8oO5fGiAgJ5KwpsNgqPVYD3U6NJTgUaNCj8qFh55gZU+rMoxsiZACYZ/ccVPMr9syVGqnRbTSSvbqpIjktkBsc1Dte3KsrF1pG7Hwd0MP2ioY4iU/FeGoDkMhjlzV0VB5IBogRl23SoaLrugGHXmU04w7sif5V/T2uvVO9Q26IuwyBeShGvXovaCsPUJv+Whuv29Kg9PjwUZu4c1s81iNDHMRSRopFOy2WrC5Y4sc2OLFEtidFhDpPNXUMu5Y3Efle0flQOSDYDQOQWNshhQaW6arG9st5LZ9qsIq5vx4C8od6Am5cj5WGBrqg2ddSi+UAgR0Rkwe6Lu8p21tZogARCtUYbGdV+5iIUPdhCaPTMlXs7qj6T731X/AGcr7TzoOic8+xv85P44C44+el1j9UbN0S3roriywfgraurD6ThJjosR/CsAFDhS6GLmM2ORrEInmvTwxomk8jdEAHZMqTcTovaRaUcfJQXbMwp/x90o903EbnkiwO2eCPwMdU1hHtWLDbSUA52i2Wk/SnqtnRAv0WzoQmz1TTzKFgZ1R2Z/x7IdsxK0lQPpASJKcSDhPOE8OADnFDA/G46wpBXQdlYw13dBzhYcgi7+FjIMJ0/2icgPx2iwvJE6JzJTX4U4N2QeShHRAHRHDbsr3UErZKl5nO+VhHOglSz2t1CdjiUS5wa3+Ubd2mg1lBoK2X4k1ke1WV6ntvR8DJ0NkfKgXJsSv0nukBHagBYenNBrUGO9qMe1AfotPVCG4XPNkGOMSsTXTGue1dJUxyU9VAWCbLZsOqwk3UMcb2Ca5v3mI6jif//EACkQAAICAQQCAgMAAgMBAAAAAAABESExEEFRYXGBIJEwobHB0UDw8eH/2gAIAQEAAT8h/Jj8r+GCHwYyJjnKGSSST8RZaf8AhTkSDpQqhr2KFCKRG+B0zkiOWTTCVy9yYU1NH0Q7KUkcCKQ7kRkk3ayVsQJEDXxL4T+NaPRam4XBk7EQmhL2RrwFLsNuBpPaDgHAgdfjW1moYKRhkMadV4MiUm9WFJHWZDRU53NRAz6JPgJzhZindCSftmRJyX0M4nkUhsSFMtin2NxwZL5ZyhcExRsmtoVJuVsE857fRONxgbR7yImf7xozKhjfBJSTs54QRoyNUEax+CCNVpBBgTIhZsaMF9xm4jKM2utOpT9MkH0BB4KZV6FF+KNNvv8AAlmmh9P/AMNhnf8Agw/6biLzBuSog37rkI3Ns21mKLJILk0rR9CLrT+xpHiXo246gpw/sKiPHgaxTYs25DxCQhKTzIahupY0EbMtmIbt0xK+8IyrVDJJ5UkDCRbfB/Av+AhaQXzgTRskNcrMc2OO0mPqLZucWWVhkiGGicoWQm1GJ+TNQ5nbZnXZYht9JRyQf5oSL3/VJ01NzJ6qXKKATyGiVEYJ9DFLgK99RJYPqktpPKNkCs5zAqQjkGxgafDJ4pwbgXNhCjTCHvfGF0QpGpWKuC4YkYBOlnuKCgfcV34IshMEP4P/AI0k3hFrLFck+kReRtJIqJeJQry4Hhkw7I8jhqj9BSrSRFgs2R/w0biU2cjQT9S7Fc6GbaQrMiGRiHuYpE86sjSfknD4GtC2kQaSEP8AER+RIgyOChDFgVxYy9oWhEkWbWV3oHKtEGsiZCQOtI7Qu4yJ6paJ8D3BsvyO1ByJ2INwmNpj7D4jdmeQhQQTa4JEHhE0eQxW/A5LwGoQ9GMckkkn4P8ABAkVyMo0mkTCX8GRK2hi/gRPhijQ+RWhkyT3EDLrRJkhdpEylw9CY4GWf0I/FIK3BF0IjcaIfZGAZT5GuxJQNybzFThyULGEOx9FFosLVj0pk6SSJ6v5LSARmkjJjkVJ6EIXwSSYJ7JMX4ZDsnAbXkPO2AxrcVjyKnZGEKXuJyElujp+ySpjVZB4+jI09DUfh/cIHKGwnwFbcYQlcjSwJ2zs2VjFJNzFNXkbQixKMDRM6MyfigQgj8+XpG4WHPOgagweAWiJRQ9BuhZTGbURysSZ/sUPsXlsLajJ0KMsTcDtEAvqL0C9Wjhqyf8A2MeH+CPfOlcGEjj6oEWEtTIxM/kf6CcmQyWRVHlnYUGTxpherY9cEEEfggjXcf7IWxGLoknG5L4ZRaGFvbGTQySBQ/zjMLeuQs7DJSsiXKJJZ8CjeH02RY9X8EnGeBeBxJNGPHBRSrFCvKEL/GPIa+foLIsiWLgoObTwvd2PygY1Bgp3MB2yTOJPsGmhmRCwSTo/ln8sSzJQk+AyjAg1KxTWSc0MdhbwlYnex6HJ3D7YW+x1FGxaQmzxORMiK2Fcn9E4llWJXKGmmQGf9iryPUr6KQlvK+uSEv6BqQ1OM8civ8454a+U+U2JNGYFkQ6h7jOcShTGBVC4DyuiOBlBHaN0E/AWDcgggSE+FvVaIkkn4T8J/dsUSjaHNexjDtJiiVAtt0ZVRVRIyqX6MIhIJFqNLDkaSwJvigKn+vQVfGhdh+R7lkVCaG3HFGSN1ZXJKUQ3/jHys7rnStr4ybpLfRtJgwC0MyF2Fgy0JaEpm6aG8uBJfRycCjIShnWR/Gvg2ToTJJJ1nROUrI1iEjzLGKCKqqhAq0GuSE3haJsckeh8ywhUUnJuCj+mWRuhcMHgM5LJijyiGVaYmPFG03ex+wUJfvEYmEOi8OSDef8ARj4ZOCt8jxRt5GhWR2LMzuM2lVCa0ZohV7CtZlRbaxqVkc3A8N1Jh8z1bJGx6rWSdZJP7A0tFhQqtiXwMB7hIZUKIaXFpQbQ4Esiq4F3JAe9ZGJTAqZs2ciUrQ4otsoTS3p7icFh7Xh+y5vsb1GesiZ3bKM7AajVHKNtGVE86dIXbhiSBbTlOUJZclgxWl/AlTq2SY5ikRlqzKqJ1b+D1vRskROkDWi+T0r6GPhn9oglLRY5JON5ETdcc+orciWkAaiHsNoiwNDXoVsSAyRUx+FCR7hb+wThx/5JJKseyMTv7HoFs7skuXASVFJDJfI1rQ1BJhISXKZgsYELAsV08HAFVqWU4vyOEt45Fi6GuYQkthWWT5ZXTQ5MSU2X4fB/Cx/BCH+B6N9g2Jk+iRSnyT6wLLIcWUJuIhUyiRCEMeB9Bx2x6PJcm0J0Y0pCU064exbb8iTE1sQY+h3f1HyJUbMmG3J24GtHInMPk7YFrlHuHa0OxwFLJ9iSERaBYJofT9RO2+4nS8YESVkTUjcUYYwJZFjok5XwfwvSNUIIIEQQQRpBBhJy5Mejk2+RrHnYjSNscZKBZGxOBRXm2JJsRqGKjeG+wajxAmdyKzN1GA8gKbCowLNp6U6Iv/MSL2LpINyk1lGzRJK9ipBKJ4Jb+mh5M4exlFWSbFGZsmDMGwrd4HShsTkcoclSSgEzIFUpaEVJp3sSCU5EHd8HqQxoggjRBBHyZAzC9CeOj9qGlG6wNC3RcXoFYp3dExupwEt1O6ynQkYhWnr7CoUM/wBA5Lyh15iXLsJb7Gz4ZprMxqjIIoixgSbWq4I6mUXrkmLYej/yNg7fTY34EMv9iIz8jNiOJJmVjcLCBMvLElD8iYCgixBlHJWeBgHN5kmiTKIfzlpBBBBH4/4LOTYNLQ1KlZQxaYZNnC2wxhCCFnI0ERJgTcWY4tIaRPfSneBq2ZN0KO2ORX2Sdxu5fwSKegv6h6EbY0jEhjD5JG6IF5ONHaJ7C7oVxI6qij5O4ZkErA8qWwmBKTuFum8BBJXgKcOGJLEEC7EUnph0OTP5ck6LRsmfi3ftlQw3oIZX0NchHKIFolMCEycQwIgqjkbBpiLcjLcecrHJFToaaLAwwligSiBNwTchLQKy/IsWTSykR/wsT7obAiFBj0TTtkT7JlnQYDSGhk7k/gJifROjwR8XqX4Ux/JTd4Q7HY3GEKibOBczwIxkgss4hhm5YtFFWRekYDwQwGasdh5LbkQ3OspWhYmzuLcdnRIp8F3gyzwZvbP0xCCyJE5Ca2kkVkNLJJoI8JKN6PsMiA1wJChq0cUhjal7Cgb4EJUPSNWLRfGdV8EbQjb6GdQc0EpRc7rR0URBsIixafaEPcKPYcjTcMbMtjW6HkUhaJxZDoBrK50RAxyLJuMtkQZ0KaEU0EIS41UCfLZ/0XBB1BIFF4iW/R1OQhRsQ+dBAJU90JVhjawFTsgknuUJf1LS5oY9KhptXZsdHAQhawPRLRC1fwQxW4NkX2EhESFcL6NhH+g9zlMpHY1LhD7DeYllzpU9haVhfJgTLsYKQ3FkhEDlLgVeyuRboUtI6bRFFC6FsPZNMN2JVieF4EWRnbglFm2hQXYsqXCLHaBbDk3RY7Y6eIvgU9n8GtA3OWNdkuSdENxxwLPdQRMhNg4GaJhqcD8RuOXfk3xG5RwxePkRGiFpGiNYlpCVnyZSHsnleizs5djngcOTsmTKOYwKlIlIdoiUI/REhDWTAHY2KOH6YvWy4lA6YG5zpVNA00LAm6xwIZxZeMPApoyCkh4G8ETcbC//ACGkQdmzBGwkoP3AVuCiQ+4Hf2jHhH33oqOx2XxeqcOvsZOz/RIBTZWHZOzvBsgSlDw8jqi0Kp0eCa/EIkkketldjkrkVaJcot5Z+hspCQojmhtu23LEmtkYZ8km2Bfxop4kS9h2fgSTR7xLGsHtEngbDzozpsJ2Mur2UlwyJwyDGhv7NurFC+HVIXIk5YSUdSbyMkZVWyMNmiz0Ev0RfxOxOhU8jzOicC7IwkcFI7Vm4hnIngUElalO4KBWwzg5qBMTix4kyxKRLIjTjHkb+DH8KWiPiDR++ZBoKgm4dSZo+hrBt0zAUj9os+bJ5yDEq2K4rSMsjD4IsJUwiIlTj2tCX0CcfYR/QWLW2U4Rt87djDq6NodCR5T9CF/wd0Yj7ELLKSIxpQN0Q0t+hK6OBYXsnwJj5OXBNE7QLgnsSpmDZiwhLG3B5Igajd6ZFObG/tEKswTXyZKS2NjdknOZuxhMkkYbHJJFqF8PmSYo/U27mQ8I5zbpbQLaCBuNxnKlV8iUB61CIJNkK0zeWKuHQs7cs2yRKPlFTn+RYd9I5oQ1qwKdw2G5lfOlgnh+5HR9IVC/sejIkGkLPaGsMTByNKTtJgfJQ6YlHcSI8H01Cbm6GQVU0LJayNrEUZXAz2FexEPI6FjdscnJBOTwYpi4oY8qLUWdiyMLV/BP4EFU/AlgtK9y67DipTgS7zW5K4TgaOoxJt8ESk4STqhULf8Aog4MIXHm9H9z7xH1DX6hI65DCotgiEPaHv6jUjZbm5BL0HNppGSYnamDwBFOFb6L5RohTI0mdT7I1SY8IkajvszeCqOSBJ9ou3kWDLJRmieURY4ZWDCQk9z9QdwK14MUyOzyQnIZyHa2aGhv/wCiJmIYWsDQo0JEEEEawIakEKIV7yxLsZoOTJ5Ip39ky+5tnYajdPAlAh4HNY6bGMIUR9QLCOhfYKKCx5F3AllCxpMx0I1vJy7IKD4Egge9iwk4rsRpc9EGhihE1SdTB/1GTYPLFNViQmFMX/2FTbPJK0pyKMCjqIsrcNW8jwbiuag7eTYUYs8nEQprRW48j5GiKAzkityYctwLgpCNyeOBC2Jek/A42L4zohadoC3JChjpMXgckhibwT8teSIYnwRu9smcwLEt2iiGAkzHleSR7ZSN8VI1wthKedDsef6WZiCpwbsWFN4oefFBHVkcWp5M/uhDRMW0Q3WoRaZG6a3EOsWQ5TE0WSmIMhm0YCS9jdaI8YBplHk2sWo5QfocEb2EMzIfQ3KxWSKwKXSMkx5yZUSS6GPkQxt6zFzZi8DBIwYogei+AxC1eqFqcU60Ql3MkFDGodCuUtxzRFbQoTPcds+ikWC9jR0UhQZg5yyhSk/6CRpZJmPMg5dgkjWaLWTX9KKaaIMX7CIkU67ciK7/APRCEgVp7kDSgk4BOCaUQ8lK2KIRq4Y8jmOhhLCxKa8zziJOpRjuUzC3UiYT2Yv2G2jmYnOGJwOI4KhwO7SocrQ3sOTIaGTuzgaSfWhOjd8ESNpeiSSfinonVcJ2aMgtnH8PBrAscxLIqDL4QWG8mA/YtmB6BaZv7ZGNK2kUjeZ1wKtMbCDs3Fj4BbyyQd79yV7juViOIbHyiY2+gIbALk36ErqdhwOro/SJE+ZxKSqROSG1d0SJ4hWowhC2wUjyKvci2+cojwTQ7icwWeRZZXQSMK5ZjtIYyrBZitK3DX2UHqQSrcBtSkrWsaMbVBA18HqvTIzYmwxTs4xMZWRO9MWA8JFdy6XRUK3Yye4pSECaZohQXozSZQc1xge3vUxgNgTAd3DQunIm3FXsemuVEl4pbj7S/gplsLaVJnYmiqv9jOFKscFKEqYZlJwOl+jJtrF9kRtJIk/A8f8ARkufWl6oODJvjQyWSTcVLN+CMp52E8fRKUDbzIy4F5JZ0goYdtI9ERqYsiWhaPSCPnlyGFSHZJYmCKooQ4tbjtCxOB6E7dhI7CIVsMGgT+lnpioSgdSi2eryMEUZjJWiLDPZDqKxvyKIES7WXkxyO3JJTKxZhIUJSqd2ICqgpzfMkzW5MciU+2tjR5GLDELCPo9MTkGCOsYlYSIsogtQx7Qkt2NQQzAmN9Cls+gWpJpsSfVD4EayOx9FsJxsSSSN6IkYTGJJ0SP5KNookgStD2II/wAIeyqbdkXpgaHHLKI7tCILdQJc8liNW/QlfgQ12knMiJVOb+BghUbCocuDDNqlR5K21DJpHhht5HQe+5DLE2hSTU+UIhu2v9DQZLDeEIJjq3ZFNGzI9/6Imimh24cuyFl2IlKdt0IE969iz9hpS9PuJy6R1gapRPWhEK5GXLIgcIeBpNZkixUzNDV5I+S1T8m/kZNHcyTFoTszx5FlkZC9smRcQKkRbohJYaeiBv8AQtDwZdKxrtXZiQIUQdjYO4rlcpQkRLkTflwYbS3fhDshOCG47BOxLNKJ7UQHRZQSJ1KHRUhkQaDHgWlNrK5fYn1KHsU/8h8z0BOGXWuniIJqsMSyL5JZTRWY3L/0SJBo2HPsdaMcynlfBj0LRaIJqxBPi86JCWospjh8kW16E23bj/InrgbhPAsHv/iNl8WNBtsyXljtNp4j46ShGAzK5nQSmVam9yuCowhmW5rmBWRvSaosUpWUhuDhUpMltC5IENWrYrEibFPHkrx8CwaZwbIuZlV/JhTwsFnOP0QLRD4NxpoeKNpF1FKYa4G8LLGrhUjo3ETI1ySMwNohCWo0MUgS1FWkaQJaIIIIHkgQiEjZQ1756ZBO1jNtcjSv6Ei8B6y8SInYRkTuEWdDHmTke2kkZme6kKO8jDWFYjH0QKNO3IUJI+k4ICSkpzQytH9RbmJYyKrKavpm/rFvAp3d5RPsS2Y31nWPca7Mh7v0hr5T+kkxmV+CKgSyVoVTTnSJyIwZCdHZDJJliotMaOU8iXRWTLUjhwexmnAtxKyhpCDxaJkLTbQ9a1ZHxfwqxgQ1l8ikE5RusDaljXRO5ic1MWd0xouneBqLVoulJnwDBluRT4lyNO5iSnvwJUHy/wD0aoSxljArMhRihpOmOizTV3uTzYHSihMfhwLujkNcIedFKN8oglIuL/pJM261ORLIvY03uJFVylsywks08ECx32HfXsBYwNLxdlIPwo7jzix+ySn2yZyNySpD0daIoZZ0NSdkhZoYbk4LexDVtUPmpHDBO3JURORqh0PQfUINjHJExP4CdGN6J0WhJVg7gO7SW/2IB3uBe0HJJm6YNTybDgivMkjveIHfq9iy81LJnqnLLYjm1K2TDLShWKnJhsh2IC0tmJbFoxQ6tEG+kpwIEhhQghKG3lSXJm4bClybTVKsMj0qgyNNEMlUnGQhP0JxKXK/oW2mJ9HGsK7ZFFuky1E7TEdLI2sUhr1TBdCL08m4sltHmEOps3FithN7STpoP2HpQ75HjtaTIEwpfF60SIgQhaHpBGjFdlwzxgMB24JrJMY1xOBzNWNHzcE1FrYdS8BWiTKySYlODdSsvJTTH0hipiZToxXor/I7pkyehiHgrSzUyJMjz7MDFbsU0k5FccnpexihJ9h5XXVvAYEJq0N/sRHaRnokEvKZI5NmnLMhwUTiR65NLgZSwOBOz+FS84MYZVDzRGjFgQeBzGbGt4wSJLwyJIl5CbqvJPKx2/8AYquRuaQJZoyJIjK5GHq/gQgxOo2P4Jo9oGq3yHNg0kpobsXUkplrEkHWJQb2ZSW/wIUCUYbmIMuKVMsvKSgvJElZWGEXQN5DLDem7SxDwbm4RwKYZod2E4ihdkkskmY4HKnu94EhSSEkMvQtN5IIbt85xA0wS7GRMZzwukh0riRsdh5iOGM3Ghrgb2SFhhRMserFo+1wLc/ojoZC+2uSZc4Lgp2NbjLOBo1QsPoxxoqQTNaH8iEhuBsRGsEasbCqHJJNqmxQ2ALDqIjsKZQpu1G4hTwDlrkk3DLpNiEQUuGVs3BWwQ6c7hIaYTSwxJ8Dab4DURpUSMxZjpMWBvG5DUujSFOkpS+S7jtTomLIT9sdGXIlknYQVHCHpJSy1I0qCYnLGSbSmoZQy4WmhEQGXoN0knaW5yGoQ3YnhydQgaJ9GdEZFT6IRgcSOWKxewy6MVuPtnQcvCo6Jd8DUPIyy2In5EJj1N0MRA9GImifFhASJpPyKLQwY4ilFsTGwV7h8lKWFsMkWoolbkX6WJaLYTnKNhCh0sGIHgciYqPub3HbSdrfk5ljMhnoMY1tIdJTlcIjsWxuYJ4mOSRkiOCxYiCcYwQFi1sEuBYgP9m8SQbIIWRPSTXIOJExUthxBThMSjNC9jYivCeDkMv09DVSbCHOiKDTuMbkeCqdlKSHRnAsNUMU09CPDRjpqIgaFomiF8WKRMbJ+Cy7OsrYclCjJ7mY6mPMCNbLdSsj5SM86bncaREkqGxCgxGu0FaYhZG0c7jWuNKlOxIyrrYl8CiKHoZmIxUrMKc2PLo3f6Mzcm8bmqKYeNvXBd5cy/qDjsE3s6QkpTTchKYvIktm2k9KWRBHmXsuSNrDKIluQnd8lDGuJUiiDOxV8hjBRpnR0ZZEMh4FASLjgThsWebO4ItScthREQI1v7M0HnRihgy+JaN6SIS0UfAhilplTY7T+GLyqTG7Y7HVEEfkrPJvolohwSpRClsZ21JJwZEk1+hdUFZrJHR6kQe8isc6LwNRozITddG4Y1zhsY1WxBlzJaNPIeAE8fIqbS2Exkrk6vUejb3KY/yU3Q8SnO6GktzUj/RlAqghYecwOpeAdi4NxgQ6wMoMJkVIig/7i5INkkzOwmnTJSUljNnV0smf/9oADAMBAAIAAwAAABChHN6LqK5aeOoQQ+V09JOCL/8A3/P37zHzxXvwQOkYLCcymCP3aD/jjfUmMnWYzle/jDbjg4Akoe0qLf8Ade2HWYHjq8+w96+ywijXno/aOAluPzzy49yweNIewS171Wfg+suzyh7/APDNsL7ROv8ADGMi34//AP0zwV0mByQ0n63XKEOAPIRIOIEQh3TBuGl5vHPv9/8A+8vs+nKzyI9r0HctmsoRwwgPzrKs7Q7Dvs2LXXKluP8Af3zn7+ownvHlPJlOj21PdQIO79Ro9LR11uVGuQr93HOXGm0x9nHvtH0mvDzccdH88qyHukImjZ99dr8u3DN27/7fjbLLTl5cXXwUB4cYr4wA6F/P1bXXHYznmKaelavnjD7w0v8AZArFNAF4GHUMfP8A/N/9NSzc3D6Ml3pjJcyyhydOIttxLY5qhim9XebQ+a5HXvzKUck0LZjZoNgfvdsorFdyXJVM+zKJACtF1jAZhks8YlJE+gueKoWPdeSKFbxvHjCR/viJLrMrKkJA7x+2MmJJNKoZMae48mSaDcbpe+ySDRnwq6n6UyfvbQq+Yb/Zs413YLh019ZNsvsar+fn4qfdRGW7J0xm0UOY+VHCa74tn+r810l1fhZGakssQ5ft+Okcrj50lLKpxqXgpHTAB+zKW3DBy6LF16RUWLMOPesl/wBWBRrk9uUeeCMukKQ3KKbMgtNejX3BlJd+Hfz7TfH9nXybBVmM+C6s0ErrZCXXktc1AaFOn2l9+PzH6DQjTITnWJvmySqKwA81btPt9oANlMkxeCXA0QPyEHLyIx0+ACeseakaQww+PgwW9IE4hdhSR0ZkKz+7KvXnM05Y48VpaBk4kwQsMGSMhFxsJnIoNx935LDmXPtwUJFDmkwdnC+CAokc0UcOMHcVcxYwhTw3/pTzO7nGCaEI644kUIska8cMkAeLGn9dIV8EZMl8ILm//8QAIBEAAgIDAQEBAQEBAAAAAAAAAAEQESAhMUEwUWFAcf/aAAgBAwEBPxCihfFSyiiiiovOyyy4stcGy7LEyy5WNl4pFDEoooazR6OFoQytWPti7CF3BfJBotCRSK/MGNFFFP8Ay3hUpD0i6zGOOnJcJQw1XxeCwoooooooooQmhdsY5ELL1CFLVlGSlSsEWWWXKhHghCRqy3gql2VDyMWNWNVgxYPJQy4sQ2WWLaLQxbGxJ2Z4JZOyGql5XiovDzDk6cN1w6IsdCxCQ/wchD0WJYw19qwuVC6ZZcLY365e2fskjdSGejTR2ENDXwor6KGVOhjbLGyj0/A3hdFo6IdGNUxKTU0UUL60xJ0djRGzEioQuhOzRCRqT7iaKwWSiioSsSS6WmqRVDGqFPB+h9VgSx7VC/EabcOW0IfBaHuWL58FLrFEX7HBWxfg3axJwXQ9obxmgxaYjo0cMXRjdjFwR2HC78bEaobs2+CajrGIXRBOuDQ3si/R9CrFa4J9N3SFw9GPQzwSa2x8KsqF0WCxQ/jhDYzilSQ+RvaNhY38O7FRjY2ijVx/RW0Jja8GNIXRFSsVFPSyhjGPQke58hqYisDerFs4Hyj0XS9lDQxqxqhY1i4fwehtR6dfzLhxR+BvQ1+DcKpl06G9D/p0oQ/m+2O/g2ZQhO4dfD0Yh6R0JUPFjIbtQ/o3Z6N2dGsVlUOWJ6L2LSbH0d/BtsbYkSGWoYhaLb2Wd0UzyEXCi8LhZXR02PwJ0jv4M6LE48eHRLdFfh6MYpWFYcYXRIb2WMb+T/h5UqNhG3TuxpiX6dYKax4wTob+a5BPY8L0NuNUPg94l8OM18fBtHtm1qHCEvD0Z/C9Qs//xAAgEQACAgMBAQEBAQEAAAAAAAAAARARICExMEFRYUBx/9oACAECAQE/ECx5Vki8aKzooqaKYkcKKKwfmy4ssssvNwoexiLp0LlD5DHKH5NiZ7G0bxTE5v8AxLybFtj0qQskKGyxMT8VCxUWWWWWWWWPo2x9IQmWOFFQxzY1+CyZY4qd4MQ7DoULDLH+IIeKYnfu/Gh6dD0lLAmj6WOGJlCdCedZsXj0PkJHJSuHpjEyioRQnQmX5ofixCrR/RofJWlCRYn1jL4KmVUMTheFy4rxWhrVwyiiz4foa+yhidoXBpJxZZZfm8GxRsqFY4HKeobDdubEJ6GLsUU/Jw2XLY3KLHhBNy3wTN1NDiz6bsSwaKEPBYVipFD/ACOi9D/RKUNuihaDX0Q7cOdHghaFDxcuGVKjoRoXRvZxC1D4OOvoiC0FfBKhdDaY/wAjorH2FiosZXmxrBdOs6xHw0o7H1RpTG0UP+jgcF2fnGoY8lg4f4ixLYv2EM+Za3cJaGXgS3TGqZ2deDH5KEuErE7Ph8wuWVL2dWfoSG/fDo4oXjwL+xUGNUNUhnxgsPihGtsTQ1sf2hH5r8LLwKa2JD3o6OUXmkXBrQjYnGteTGVDipoqHl8Ehdsas48EPg1Yl6OX4d4dNiWihCWs2IeayQ1L8OsEsVPJD9UPcvNHRWb8GV6IZ//EACgQAQACAgIBBAIDAAMBAAAAAAEAESExQVFhEHGBkaGxwdHwIOHxMP/aAAgBAQABPxAvuEzMwYME9/UfQjFejAiR9A9QgV6LhmGCeOZUFJfaW6a+JydQrBiWO5Y3v03e40yxr6ffDzmGWIEP+LKlSvWvR9TZ4xKKVe737S4W0EQhMsXTGwFNtPEAlBtmHulFQ1IbNSoViUEM4g1EobXTz4jOHk3Nr3ENwSDs1PcGJQOpFZGsJ9ymjhHbycw9BVlMrMOI6j6K9BqMX6hEjK9T0VN/TWEvMGUC/YuZMLvQXBOb3xC8z4ZSKfeIcsGuIDsh8TiHulKqJ1GdV2NS94PTEVPpEZgQ/wDhjYOBrp3z/ERwkXSQnyugvUzfLGy5V2rvz4gwWEOxN8xUNNqe1mpiLJlUNAtUXT9wOydCUjuknC51m8cTX0awM44S6VQ/cGayYvslvKpD7sc81Q1v8wQFAHBdFQbpUWNK/MFZLaAgqz0Et+4RG4b+oMIYCza5ULQqkIdFgpuawPCaY14g2vQgO7MHFVCUIlTVddZhfblhhes4W+oEGJtB6ZQBKxEjhKlSvQj/AMBPUGIzviADOpeqx9ENwt7URRQp8Mu8heuop6dR7wJHiLNwWSCJADYj7HvBGR+NxSn2E3NbW3hIokw2cylShg/+WHDd6F2+/wBxwABw0bf2+GWCoqTuqHwZ+Z+dPeT6QXJuH9rjrDvECIo0jyiSqol3X3iYR8DSoQC/3GkYuVy5P7YFTSz2laMhR9f+RL/UWwZL8uCXK2NPbDG6zLZ5Gf8Ae0pfKPvJ+YS6FzXTYQF8ogHQdy4NreOJ0UIfKT4i/TLC6DE6ik+SKo8Xz/5r6iTobZHDkfuMYtR95QiziitwGhfUqVKmkd+jmCz15jqVK9KlSpVejqMr0ZSoNzUGqpTjuOOtomQp5XUK4U4XLeTxcB2g88S45jvmEyD7PEuzbk94sVcnNbPMQgiJ+4A5LHMQAUmT+Y2JxNbchMj2f8z/AICiI0kCiZW1CsHn+YkNobyzMc8Dasqv3gJKYi1bdblkBIjHCt58xROEwsuFbjY2GOHmIvwxjHEa3Zr/AMmAqF+lcLxUc5yyxr2iQ52DQfzKpHHZpC2jGPuWlg2eHcQ0Xdl0EBAAiqgTMW1a3II7IGrGnKExIJf6DUMJK0X8IiZDE1T/AHLrlSFtsuVssXFsGpfa2TMpw0qniZSA4mnn/eYo6ARFi3vNQzKlQ4juawhOI/8AConpiMWXLletr19zEWexA0T3I2jSbohlOPZiIgUfaZYl1EtHycwcArRX8RLEWnNbJQs4G+5p0TSdQWH7MG2ML8MMW1w9MMZ64h7qeIlRxcMvLmYY/wCGj1v0qV/8b7A5UQCi5c4gio9AnFlq1jVy9gGWIA5CVte5om2BajswU1yqfTMV1z3DDV+ZwXvTEpTvZELaob8Swi32RQNFwk5MTPsHOWa+gmkXM0huXCURPRUWXcZcuPoEr07IFEfETUHRNst98EECt4JRqx8wbeWVwCAskEaIxPI18nhlxH3IX2HF9e80DXjhm2w9RXxqCDLZ+YbKzRZL6pQzYd8MxZriVKxNkE8Yl/K/aALjYD/8a9bbUUjLEROZmuwjglizA2cpUABsQ+5STA8RVlylgLLT6nVtNQIBL3a9kVFvDLJuvNMFNXW/mUQyUMwW7xcuAVXHUABoAg7mYwasOI5l6aM2/wCCEFpxNx1A+lwlRIECZQN1HGPseZe/SOW/BH24IdNYag+AJcBeYIRylUuGPtKGVcxFodaJ++4WQTxye3iIaDb2cxMnw3AAXnDKQGnP9kvRWo0WYnOLglqDsohznwmvi+1y7VL0kUmDPiMTS/JhhdCu4RxK/wCb6W29JBT3lxZc14hYO2qjLJRBSLPJEBKaccMOzwMShDeJnrSAO7RSuGPFeG71CDYvcY+y4mG87agvjGeICq2OI7DpD4jqjinMIQt1xMPRmsyYkiwtBhSa+hfoJUIxgQRI4JthOKIXy1HzWoWS5hnOkxILmkBY4mkYTLROGyYbRw7mqF5P5P6hGcRYjpezj5IzdFP5/iWvtU4/NMXBzxFxG2e4e8Fm1dR2CfMz3PYRbz5ZYNriRKl8tPxEFId/9GIqT/4VHWbDkSxCCYG25sWb8RGmjVypp0mzgi3EhFrrkfJGgAY5JjW1MgFLU0CtIDS1cAKp8Sw+G4gEApPKHEbWVzMLMb8egXMRFRynHBy0CoQhiXF/4X6EGLctrtRJgbdf7+I3xEoQaWVWO/3KR4fqCaajMFw0XG/IX5mCKhmRKxWIrXXYm/8AdwxT5OH5h0gYPvDpYuwTZstSzdgpo2SNPSfLCJkRi6s8YjzJnxhgVhvpWoIcu02LvscSk8m8bIaOY8wWphfg+/8Acemif/BkG7gCWjValhPpBQ+krNqF5nkbJc78QCszmmW4GjEzFt0W45jIqb/SWhtTgQmN4XDANgSnCwG8raz3KHY4IjnvqpkBbLuLvlCy0jPSNTNMpUFuoGpSPoBKlMqViV4lX6leg4TQ8UqYba+7hIFKG/qCw0fuVOZafmYxMJUWsr30R1WqVt595U3+Ifo9jTKtxCbFNRHrEFWD8SwFDxWIDA0DjEMFuCYmGI5SGXj6l6cPtf1DWFD7ezN7bVxpIGHZ3NK31AulXyX8TEtTnk8QUsyckFFVYZD+P6h2tOnXtHLiv+YEuKkWuxQcQNNskaeN3CWBs/iJFW9wNq9iOYWXGNhtuAIWT3WYbLo6lZR8y4Kfm4VaWt3xBYzgpGLWK4ge8ZmQY2whTUtNJuCobnGGoxa9BLCDf/yzZRe4jRCn3mWKtyQK2jcssyMHmBAX8SsKoLRhjhWYeEvvUrn2yqPmVFh5B8wMBLcxXJKVLL1io3T8iGBBDYwsQ1EgCkO7hu0ceUCO10Xr3jQC8xsinmeYTEOd1/UxVv8Ap4Y7Yo5FYZ4hzByinTLTYbhlnPMNgsPB+Y13cW2+x5mge3R6YprJ/wAiHSAPcqCFsvVhI78pgtXLqICtqEqIMulzEC4D8Rt6Vc0TtuVDTSJgKHmBOp5bjaltSIsKbwsA0ocypLRgfv8AqVuhuCgPMPBh6hQQc+jR6DaSmJjcWZp6lw9V+gyxXAsdzA9XH/A5napr8R7AK7qZDO11SSpbIQSKXzA6XzzCMLl+GPWUP1vmCcMfOZ3uGuyczQsYIxgqI93MTwf+EePV8QAexBmpe/hEKD/u44LCN1yTEesXyMHu9dy7CgdkWELNPjqYWfqf9zt3vwxBLwuDjxFdiV9gQaG62O4Npp6ZVf8AC0du1ntA1gHO5oacQNqrMxhWtzMAtQNqhzLrW9XEK8X8ZivJitdawy7TjiI5stE9pol+Z2eWpcMCEhm41BpbClTopqyUlX98MGDfodkDMN1HUSAJRCopUA9a30ENosuFSDFFsGyC6UreOGv+ollUG5lzhmaQ0Yu6gQM42QyIY1zLapluPqlqyU4ZfeYFYuojnUtOOYfMOwBnBVxvPx/qlZzzLhflN0PJAeqvD5lFop47mBpG8ynYGqd+IYENJ/iEU1vSO/7nIGnZGgxGzAzAuOBn2BOIqpl/74jdudrpdnmcd5BuEcHUTqO/Q2bSlN5GpdMnLM+BFALwuUGyOPEfIq3cCI5WKZod4lIeHJ5uWNjVQYDEslYgJqtDUaxoaY2tBq7riUAYBAto4pTuDxXZ4gKz1Rf7luEITcTE5mh6RlzBDKYIm5n0TcP+BcZjCarHwgIOP1KvE3AurQ4hhRjL5gZHfUq3a/DFbdD2R22CGNR9TBiJXMLqOy4y2oxaUAFDx3MGIoixFzn7jIrYHxUbTWDKF8owCldP8RLqxxTPFnZCiH0ryTCIcwuTzEWMPnIxF+3NRhQAvpBq8XgQEN2x4hjgmfJCNAPseYrQvbHUsY1EHPPo1XhWyq925lAUKPzG4KHnHE35u5i0HN0zKA7BlheMrAtAwIVZNoebjkRt8zMLHF0zNFoYgk9m3MGaK6iUCl8zKWO4r5DWIhfJw+0sLBGkqVCBFRBzHVRWRcei3izGKuEUwM/8VZnHpNxUU7R+Isj/AKMwWvP8Mqp1ADaL1cxApwGVjTH2OUsN064jTefmEmGWczQPTSiXMC9A++Z7CUTB/D+v+4yhyH6lw6ggviopsplWcnwzQffQ9R+0KAm2unvLZArKduzxBFM2uonEapdOGdjEUAFG6mAM4RGylH66l8ed/wDcRGBHfTL3BtYYZVkJ7T3jiLaZ58QILGeI0ubOJgt1LEdv1EWxRr8yopEa8QCwT3zLRBLXFc4jllPKBVBdOWfiKYAm8bg9TJeZTGz3W5aGnZiD5zHF4iLX3pmQccFOPMwGFMyLWzpgQ9NIGYYk0ilwYsUUVkNw9K9dRwupUl0xbTemF3Bf8/MFl8RR6OIjI5ahtM9LmEoSyuQ5GAF5EqczOoKJSoLUzcW0FT5hizvL8TwRBBbnAfU0js/U3XJT9S/GkmhRzIXWvELjcHAySouE4/z0xLVnscRXnXdsV4gKptvDF/xHSikJW3LlwMnkgy93IXklSNGJ7waesHwyoeSnwylWeQ2TkED4gC6B0ymWwxFhbaVBjpdyyC7XEuLg3G97uZGqfEUcOa+o5RTcNDKgx5ZhaMNElFVl0gAIsNdyhVS39zNRSPUBR0FvjMvwxBVHvmXDFplf8HMwqXZDxEZpKqVmWelggYj/AMATEyYwkp7xC4DgzEzwPEQ3xkRaTLaINDNMpQFSOWNRFOY5dS7a4I6IuFl0SnKMDM0hgtzOBywr7QRgfdC2zT/Ms/8AGZmjAIaK/wAy2W3j2guG1QBBgjuTednTqJew7nh3ZmUjx2SqYN4P7y7TZitd0UpOQRkl2DHI/kjW8WVgsRs/Meanf8w2YGvlCJ+yWaGYkCUrMo7nGjzHI5W6ir0pOGNQdP4laNYlNBi+INAbtpZV6nC5QSNK8zFKGn43DWsVZGgq8vcWxHPYZhgrpRTiGJFpaYlIavYdTYvFZvUIkuaQi1FcN+ofCXhbmRH0w9DUxKIIwWtZYfYLKjgKOmXsI1HGRRYq6oSUqtC0f9+pnhWcgRw3KUd+820Xk1Bea0MHElwEKSkcyxzErNEBDlK/E5HBmNZeqYTk4bR6GkqEHYNQJd235O4Kl0smgHOeW4Zl2urHXYzkLQC+2FBX4l03xAwa21Fex0v6mRL4+GXd2JVY8p/UzHlX1Hb9WMmb/wBEwLb1OiWCOf8AMxFeo8lL0ioqoFQAtVN+8MoVEKAo1MgFvZCA5q1HVPZKWSUKYxEzXeLmNQWYbuFwbw95dFiEw9BOTubWtrMekeaepk3uIUXqLFv0dTmHmKcTL0EAhSajn0CJET0WUwKhS10YLHDANWWy5D/qieTZ52o8R8SElFmPZK9a+IQUAQKuoB4LlAtbMgjatsvcnM2u6qIPsVOFEmC+Hcdd/wDEMlE4eoMpP4Jd6L5IcLO7GoiHiAwRhKkaAx7IM4hnEMUM9x6JlqKe5MGN5ngjMpb/AMIcW7rGrWWj0OtR794jK8To+YAsgddQQpAqEBALkUBjmMuY2C5beiNFQAwyXiDVCveEEFoHiZRKnmWeaQ7qDzKcO/8AXK2YS13zEgmyqmBThZnuM0ZBjxlmzfu+2Yh7jq41/wAGOItS4MGJFgwoxtLiIJKH1CARLlMDYdGYhdcy5vySolXbSdkZ23TcK3YhB4u4EUXNJUMclwmhyywIg2mUSy0QW5hhiGvgD8zZcVBRZr/f72jFXDZOsRKRgBfZAdlHUXFvqVowMSui4AFEzpFCPVXGqsqI0PMWLAucXyTfE0L7zjukPmAXrTc9q/hUol2vBxHUSUmGINYvZf6mjQfhhr+kq1ES8MbVGNri8MsnOpaXtUvReopKWSXtbKVmx14jTOIgU2KqojCWoEesxrSsTlxLCymg7mYDUIqVAjqb+m8+gYRnEYa9MxK9B59DcH06ojuYqLBZkBx+5pA2ju4nIXHxxHeAKfDGgglONy2uPku+IsyMV4g3ZMOSXl2wVAuoFPjERprkfJAGl7CVBIS8BSxaJUsXTwnvLQUKutQCYtbmwuCZI1dzhDBrtKyXiMrwL+eJQS9v5iPWMsFZ2uEHeBIIA1RnEXeiKQVYzfMqI0+YbhTxAHB8nEbTppixLb837RSJgP1KF8EpdIuKiBjpEXpoPzLIKbu/YheY5goUXUqSp/y+5o0KEcLhbBYVEsXxAjUouPodTaODmKDCPoxcGC40Rb9PDABbDwieAfzGLI4TEGUD9santMA7uGz7kzfipqizOdvH6gDWm4tKoyZ9e5L8UnmERW0IncCyNF1EAg6A942dB1FVDw94MEd/qWdN1x4lhY/NR13g15gXKnQcE2m5Sr2gEW4jTJfUJmyXF95qIchYgzBT7qYheVftCHcBC/DMpZWFD8Qrb3QfiV9CGhR3i6/UCYh5X9Qpws7jmyfFQRhBnXP++YZWAd4fxAuKX6hzQ2Z73B6GwLnwXUoByWzxMmOczIlUaGWrhtiGs9EOmMYqPmroJ1MRMsXb0vEwTdDEZqZGRh6MHEdzBM36xc3BEzAYHocsQFXAHMpmd4NvfqVgTo3LoD1AnaxgNRwVqKw2rEMCxcDRkxLPalNmFxYPNX8l/wBQ5OI3r6gAvAMPcXDhHwxSuyKfSEMRoIWgyM11FgTF7l2chjAeJb5O5TAKQBFqiCeG5qKZQUYXtsuUV25vB5gh2msfUMtQDuNr3wBzK445phYoauZlQVkh7XF2Rx/NRj+gea3AKcUsuNtiP99RFzo/31+YcFq46HbLZWxzwJc5Xt5lsxEdaMIhRS/EKbcRXrj6g5khwysop4ZmdIYMCK8kA7QbSGdTllmXmblLwf4jRVb+8RRXYO2+Ynd87l4VqVvMPMGLo3A9cSc+jaGI5kSpnERBAiVBG8tTDxzO49uo1dbx0JbGjdpjfzMaA8FvtlpcPaBVdh2ItAiWeBhsfBj3iupgmgZq6lewE+J9j9v/AGVnuypw0XFZN1cKgbagPnew8x4GApZGyiAFvRBHKmiW3eYC5GmOhsOGIAVrfRnukBb8Et1yX/MhbIHi90owXwuOhCjNXcuS6PAhVwm3jwJQg1DdY7Di4rEbn5z+qhG/3EqrWmXzEtqI/wAyovajzUFFsW+CKeVvwEMVwZXaXXjnEoL5NQuw/EPZfnRHgkXJMl5xBxb+Il97HAZbg4+RAYVQWZ5mBJa3AnVww0Is1h3/ANRsWql8xAFN1qiBuqBbjwJiFG9y2RlgAKJcuEzJpmcqVAqOj1KMWYOIsNNyIVXOBDqchmX9HuaqGLygVETJQ4DiZQy8EcEm1lKmf2QxAxl+xP8Ay8LlBOC/m5gVvbp+50Eo+2YPmLMeLJnbwD5/8IpEF8jr4htNhBsjM9BPnECKp4iFy6QHjMIAzZeoia/3N7T9TGrPmJYjQ0kEB/JwzmBuAoM6xKh2Sj1E3FNiaO5pQtllhy4/g/tjXWdszX+moLp1/UyrXD7xIF/9v/KjjgvdRBYNy1rhqJSt33uJ5aMSwXF0XFwvzKWwF45uJlc91AgrXFRxbI6Zs3VPUEGtWMdw5TJeJ50FGDh/BMGW0G4tybH2jCIkVj3hC5VN6L1+JW5bl6VwRFVQZBWepS5D4JcCEOIaZrCBLT0WuCZjHLPorIsKQ4jxmBWbZxPELz3Da85Q/MLvzoT8whk7dbD2l0NwnnsvojQTKp4uOmSoPP8AmAPsL28wQrZhgoJhN/H/AHKcAMQRKNbNC4MeOpqNNN45hpGtkKgNKwkrVZ4HPvHRCzUVhbANQrg7jeYNfMvWGTR0OoB8axBRee0ez01KOUX1GuJacXadkTa3EqmeiC7agt2Mv2EMJe4vdZfYlAj/AGpnPCj+JQPRT5lA9pv8RtW5F/BFHCseNytVkFXOImi2t1Gjj4MdNBOpqgp4uVFcl5XUyGa6GJeZS7c3EETTfvLO7orDF3+YAYO7xCdVIKSWbFoz3cKpUMw0VBmWUOI0LiOyKXwRPdCzHyaXtgy+AlZixL2YptAno1lZTHGPq2n6bhQEPJbaIAUaTThQp9yxhJ2DDADqoVXuRA8F4gxmcPtzFvXkceMf3Erv9hy/uWp7liJYL/MA+VSnussuUItfLCV9Mh7Xtloyj+SIGuQH3YiqQoJoYhnNHIiCOcLbvqXUtXHglmGMiWAWhd9Q6S7DDhjPLxELm159orwN4H8wubLTklQIYN1iCJATZNbIbaDYI1Tp/iIutD+2JeBh87JZLs8e5GN1MnywKHRtFVe3yX/2ECdnyxoYc0QmQ2bi8IiwtGJwPnaXMo0WCOzeuM5huirvmDjbldMCALq7Y5Ci9hxBXKXVkvMWwmILZrtvFy+tW1b2JlAsHBfjuMAFObtz1xHJrgInJ3uWFMtdQ1GWy1SvSwi4PpUp9KmCORrDnj90TeQH1BVauVdQMaBiAdMFvaMCHYZnE0QbSFheB9yjFnexf/YuA20eJUFmx9kybZ19f+QE7I7OGCPBCi7XsROhTHz/ANXGt/n+WVdi+eyB5oJuHYzAq1KCtmF7lY1Tq6PEQx4P5I1LBS4SddAguUHgB9uIghUyQ1yuijlZWaoavtljxbOZklPiNy97IhFWAjX4i2cHUca7G3p4/qVJCk6/3mNxacwrG3/p+YR+KV+P7IsOwH6uK5cu/qODwx9xGfarBAFmv4ZdjVV1xEKcxzBXWPVwCUu6olRMi08x4zPO4qDI5DNRMbhRVllwkqoHbMFYqDNmEgJbFPnzGVuQT3lC1aI14YkgTfUE7U0F4Xw9oFLNjrqbPUvbznMJUQJj0DcGVeoIpCEJWYBhxFgp1GrJojVe4xcjwHie6MEG+lkR5nWLNGEIa0MPTB98qusR1zznwRRDRmdd/wAwlNUe1MzabP4/mMPDZ4P8wQG3P1/UVI6NTy/9fuFoKd/CxLm8vzKai6fuWDWA/Y1FQYlBwfmZldxwp03G5aujbn/bjZ5Rf2wyOXoVDtDFFIFKY1FK9hqOXNdcwdovce3+pU8sojlfMBqHU2X8SpQq6IVWx9xgBdHqfAsMytlPCVmKGHUdQUjX8jDXcfwbIg8ln8QyGihrzFLmQ8aSMUCdoTB174gGBEh2TBgaGjJHGgOQhdOAXcTRVH6imRtOcrKcV94jtYJiKx5W6gtoqe0LpXjsmSQpVceIhrwn43DhoEtlk3vQHGcwsbbkcnvsghds9yrA4g1G0NwMTD0LooEBmZr0LmOKOLmzH/qYM08jLwO4h5olf0P7lABRl/EQK8CEKoHagrFBtZKtW114JWsyqeP9UEsYa91lu4ax71ForR+7b3cv8wt+sZncQv8AH/cd13R/JGHkf5jq7q32g6k1MSdw2P3IllBoi1q5NkQrbofiCWA3AKLgTxMJRvSBg4DcuYF0U/7iKAxArA/+wSHUah4a+JmIoJp1nB8Q/wCi0gA5zslKKzh3MD6Vo9KfxCSZVf1Eb5sHmWvIbcPUcC4DF9dfE9sZ7P8AV9QFf9lcYtpRMPAMYjlkO63Llm6WMSqA8wu133M1lWVnECWrxnGoUCjv7iwFEax1BaEAZvbGqFHtJVSwtpDExC7vdVdQZKAPiGlawbLhNl1+IKb09mA3GhvGtR0w6HvGe3UNF8Rlm4SLq/b0LFmGvTxghzB4lFTHofTWOvTiBrUcLCoGeIZp7pUVY0EYWhU5BUYoKQb7mUlXZvfMG7885e/uC1Ktnc0WFTqMf0jFQzTN3EffsO1iKO0+MwaV5pgCS6tv5YAq6H7f5jh25iplCh4l03FqxweEz/cBloK+Ag4IQKXCnAY94pbFSu+fet/5mckdy0sT78yrtQ7HCwguoRi3Dof7xAE2ji3GZaAeyFvjzM/LPOmrOI6kpn2f73iiYL4cIKF4NZjqq6L98v8AUpfIq+OP94ggzgfJySgBsLzyOp2aW/hKNuD/AA+YBl1vjT/Eu5Rmvg4/MGhdcJbcPnEWFPzELaM76+I/I8wAXTU0DD71FKrVJY1WlYJRoqu/1FoQJwBzKLsvxePiGCjeipct4vMFP8xTGTa7I6QC5e9sdDNcwrTCng8yuyL6KEWR49FL9GkYW/W6JYx4jnBirGoVCsTKaTtYKy74lyMKtfylsGhq0I/Y+SNEwuvrMug1i3+o5QyAd9r9fuGnOYsf1h3Esd1+2dDAUyucBp+5eLkLulI6huftuLwDPIDMZIANp4lyqWUNM0qLpBcG3xDR5qilqcL1L+BVnCf65dqv3rPmXvYXTc3z1HCDspI5mCdv6jAvRVYWzee4hBAUWJL0wBVVQNry9wFQw4MDKvKFFDTeIW4Cn+P95hQJdK7yQUV/Bx+IAKYxfZ/zHgcW9ynP7lgSwvQktIOP3UKlSgvzCjbRsRhVnmPF2n4lw6M5YBi05uWo2fHJFswOszAtFalZXt7RhcD7lyiGbu0hXsl4YUEA7LOoxOTs3EvxtMlVF9nUctVxAJyS4QU4iuUVLthZZgohKfQG4aJvNZtLgKxL19kIiwykx7iFLFfbKJtiONDOWUXE5Q/xBa80BHAKL423GNhDOv7Y/YI6J8TaH2BuAVCrLvxCiIMVXsf3HZXH7pXESZOamWJRNT7ylIMzk0o40wuUZS/oyiaRU0KAD9EBQk4eFeiEIporTQjbUAvnQF3MrtnvmIAyc0W+EpVWiu2uIQINhZWnqJwUUFauBWo3TVjsgm9PJ3GzyhnNB/6l1tDpNU3Kjyu0QtWaPAJSxd4KRsWiFpTljwLD/ZlEtm0ujy5i989TWL68zFVWcZiooH8kGFHKw8XHu2HkQtMe8fiMy04gLzZxl1FWVPtxDYffzDlglZNsbDC+GOFXS/mZjuAFzlgstE+IJVLdQlSkA6gKg9K4lSAdRombKheBG2IqC2GMqG4IYieZ8x4wzApYx4sjQAGfeFKimnV5lWxdyNd5HHMY4QU6xgit5s/wRpnV/LBauRXmUg37viFdzZTjxAmxbXnBMk6dL81NMSYyH3R/slhjqBy4pLwD8RUlJSmb8/UK7BsWXAvesSl4pefMTZq2EhJIsOKOaxAhUQH7IU8+COVvyxiYOsFFXm5Uo7vK9wHbCzdN3eOdfmJkcCm4BjVWElDav7tMyptvwOP3F3DR+4oNVUsecTNImZ8yysHrJFAjV9/9yzkZO4x9ksS/eMC3OZlAl4+ZYZbUwZBlki7NXMOVpohpCY3bWJWwmX7lKCouThhbE6oji7COZdpXeNcxFyJTIlpvMdo6hhBVG5SqjBEtBkVIsOYVlkKtwJkykwjeXXMdR2R9AlRL9iNTpGVo7mpT2Is920JTkA05qVNV2cRhu8fEPJUFwMbUHj/XMiZYv9wErzR5IABdEML1f8Q6M9DVcH5lJ7Snd4IlMqPTtCD7pmHiUt/Ew1sVU5e/aLj6NC/bMkslEPGoOOULCq4CVuk32QXEzpZlOYCrJkG+axku/uWCnOME7wgcbbcxTw/dRIJoINvmHAA1fr/uHIWwz+IAjxxXMboQfFc/EITSP5Inhn6hFWg4R2RHI43WyY698qiITxmvtEAXXWdyu1GYqlcqI8uI3IVxzLLUNM5bqAlMDgTcAmg1inUKEaPnMcNpGrrIS4mSsQ4xSuSUAS1w1qFsqV7wk0DiFKL8xlN7xHItuEQbPQhGM4+iSC4mWEYS6gVBtmsfS4bMbIcqK7+6Owst3MYCfJa6isjSo+P8y5JlfxgR92FntX9kE5oB1jl8XHOIo4/P4mBcP4QBq5ofNEoRqmg9V/5GCWYGI7lXNu6Dj7wsSyq7mTMhm02YZXSgGwtKga87xL8tQNKcIW6Oo3jzeYjMOetwDPW4KYrVDnqUmOA9jq/NxzXGCKGsXrllFqiZzj2IkcOnfUUjpdfESmnvkjIPNRqhasriKDKhs8dr4LJwcJe7e2aN5M/McFb7G4Y1XrF/zM1a13AAxfZKM6hbafzHXD/qUoWOTWoquDgGJQFsuzuERRsqAJbX+PeOgg1eTDCRS6xwqUCWg8XEgBdZxxCF7PMBKNs1VXFbJvxHt31BoZYoXTBzIvcD0PQIICHoYCQ+oDEgx6BVEz6V6HKB6C7gLiqW2gKY04uVAMBl7q/xCepEflLHQIAO85uBYcZV8f8Aka4y6sGK5taZE3iONH6mnDkPjMsl3Fi94LHvMjHtLhGBMXZdN8FTIL2yqesOYLgKibKzs7mTAAjBXUq8budHV0xtkVUIU56L/cxDB6Ljv/eZipObZSJqsFKX2iEGK7XPvF1tRr+Cyin5nmLGycrr6mRCXOIPiEDOOXa/qX0wiVpzX+95WzbXm2GYB3LAnEfaZuKDyxXtddTT9olAccwo8LeOI2dhsP4hOBK6viIbOXOLqYQc1uFaPcDVkAYiavcu8Lx3FZo7e40lFDiowUFaKDESB86nId8zMjjM4GaZYGH4gs2qBqEail0esflh6AYq9ysoialDBiZyvUZYqr0XuUqoGtYxzLxDQ3gu29D4v9wQtj2qtgg1BXHn/wBhcDp+X8TuZUfGv7hmoTL8EyPBFp4xX7YBGmN9Gqq/aGbyfsgihF3j6RC9hHygjDLscRhA36ppJ/ntC01cpuNUMJLIrCpocJwYiPmg0VPz/sVD3RWNkB+PmWihwKp5D6jIzJTz+g8bqGjWseMmD6gKpeGoe7oKihCmhR9oTjrNuefqHQEIqAe+PxCitGVx8BEWN8BVL7c/M40eVw8eI9orePp+v3NNfL06w9aqFeBeBMwKlBS1Neq1Ac7tcOYAMa/wUghDQ718REBOkZ9y+CA4kO6jAJgwRSlI9cRshodGcsxWN9piEFhpZEKeDUFFao54+4W3wZljBiPb4icxO5QuPuprOZcZ3NpxlzFg2ahAsFEmZbL7mUCJAHiG0EZZ4wNxYZ6ks8eYmOi1C17wGxfVTACVmh4V8x/Bca24VXUF2LrzkBfUZqSrbxm43s6vR7XMEuxY4uq/UG16Zv8A25RXYEHXNQXTOQ8Fv4ihCwLMGDb/AF3DAbXG+ILcWXCsIa9qdCtwH5Eo+B3iXwLgWoV+XM34IJd2AH1ExwLg83m7ywVJg4q8iOcfuGeEWCdZL2xtyMAVUxCAfQA2cXnVROY5NnkefiJiahw5bsPiAgGcKcu3O/xFFxujgKttWtylexFCGlq8rq5vVpgQoS8FSrWs3VcRUQRZnK6iUnCOvjOtyxReG493RVcQcitzimZN7miNwvSshDTzZqXBVXir5lQsW6xrMLqKUqk1EvZ0ZhVEQcNRwrdF5OIUOHs6g8Vli+IF0A1ubb3mvMAKcfKohWQ7FFxqWbagtnGZxTUYpvEBGGWJeYdy2PM0wm1gwFykAxES8zCUPqjcMFiOmNRazgO4qmoDO8RQ47GLbahgQKulZrM2OWII2EXkBi4s6mhU1yPvF3CybvPP3KhsDA5/ypTs1Lnzn+YV0KFAp45lqHLVy8EO7tA2Fcs/FUBRD71jRyf1GLdkzYPqjRyGSX0HLkZdBgjdMSjmAFoGinNwiZ6KAatL8Qam4igEy2K0e0vgcucxgunvjqCj+Ibdq6hfC7iADPNQ68Q1KHR3MymYAAU2DVaSbcMmW2MtfmUiLNUgXCNYM0HtCHLpVOT85gGhXoq3KxSwpwELBToJTJlLcNPZvC+Y8lNVCuoNhSPirZqnkYimVYjQNN1E5ckVLdt+LgCgW8xC+zKbmRmSWS5O2MsYjYaQ3AC480tTJsLLzjUAiLZSDxGINY7omQMU/DuEIggxUI0Fsxc2DkYcNfUaabxEmWVs/wCBr1q9BAuKIIEJSEhlQDAEGZwmiIi4wXLZSiC2o1feO8ypTKsfDDY02d0e/MSpmrqGtaUdF8wyLLp7ZuGaux3VpgYK3LO+SKCFim3T3CWNAI7uYYiZHNdtOrmBqh2XHa+JRaoLJ1g6QLEF3yRDT3Nk/EnzTQhBRj39vMDWCB8OP93FqSDUALgqKgrUA0PAQmj3gwBtyzKqZd5pM/ZctMlkik7QxeRiB4boS6Hplr2qEegbGnLw5uGsgqbHjnXVxDAqWjyW1f8A7HWnIuaOXmKGIGsUtWDn2i2xuLLR1cNCwo1HGGiKJy0C29nP9ynYqGYW6eJkPpMFX9TZVmPzBTSRaL8S13Qa4l8sB4YkbOHDuWqqcriFumuMxiUAL5mFh5LiDZlgTjuVFiO4K9gaYC2nW4HCurqX+BMXcZ0DwjMTTdxTujqVHOeYKFohGoKlw1FD6GIVYRuBcBcMZtFcES+gpBWWRvBuO9Nn1FdqK4XTWvghooBKxIiUZfuFYzuANEEDVD7QCdUJjjPsgQiMsKDBRX7llW0nODn9xFgSnX4jU0QBXL9FRgvraCzioidbsdXczFrSpV6o/PxFwz9kVKfhTZNWEC2nB1CbQbE8RLN223O5R8l3/UHE8Vsn7ZIQPMIttFrgLxGobeaMtF4qMwtzEmzxdkc3Am7bervHiNZytWhvBWrmUTZTlU29X1KvlAN+dePNZgm2i0oVX8HPzHmAC3RxHeSqXqDh+QSkpoOx5PEpt2Dj2/zCFTRHleGZvjPPcANFwZxHjnxG6y2QML4IfA6RBUpHvZEoGqM6gOpeLmJHIquUqgpBWskdcc4rUxbegYSBW1GQW2JVLaVBBf5hwA9s7iKha+UyTjg5qOwZghE1ziNoLPTiO4oTedcTCJcs1Lh6GY+gHpmmItYhsPuH8kSwcsJcUHvct0YxD8o4ygs1DKHF34CeOcSkEmwWUNniNWkgN04PMFpW8lVW/eHWL4toquCXiYgs12vuzT3QsFmImmm3/e0xdJSrovzy+xLOIqqa6fPiaTY8x6zXBiDdhFZ9hrqURFEX9RwQ5gvyvnNwMQkgGjT/AHiHCMPdN9GtkSiPaiLtx/PmEwNHKjb9zCMaNboL+9RwYgmE/jjfc3kBCwwPvkaYYt93M2B8zBd1Hj5ZllKrCmzlLKmWBRGgvcMgYhVjiUWmD/v6hJts3K9o3ADjTxCxbmzUR5x4iMlpuqhwrUZovpOQg4zcowofMsvL3LZSNTDBYbeI3kZWqWALknCcP9QOKrsrMuOAg+2JcoG2cwQLA8jGqyi8YY6QVBr2gTBqVKSO0i6iuKl5hqMGIMcKvSmYgcwNIsyqSqQViAQZmL6VWwtDIXgb/qUHcBttcBEEQaS8ccacw6zqr+BSZhqroxv4g1LEoV7dfqF15S633FbSBK1y+/MD7+XGTZC7Fl5PeHOISOQqmVgja2oXfteJjaGaQO2uUj3UgbzEbW/r6jj+yOweY7+U0YjTLQBtdQlUDZtoaXx8xLituzF4Y9QwN6Xz1zGfVs2KDIuNMQ0TxSqb6MfuWwU0cSqeKlURQUb0qJ2tDNtrlXbfMtpXa5ft5+4v9pZY1xv/AGID6V+AOCXdq0Kt6/EzD1GlWA/Mu4rkLz/rIUjSjmVSseYfzTPG9+0vSibuIgGGaH5i1ex7ly8jDDULe+Ire8DF+0xFXXfcM4OIk0rikYVyUiqI7Fi9sIADeycwhTqY6jXm4Fb3DmV804b3C4bwSoLSlvEtb1UOLY5JN5mYlDNPWrMEMwEUZdMvEssoIqRlhDmBzOIthRvLrn2h8wR1dLY8DNzwNIS5AXEfHwyzsNJpDBm4xtQgrDW75IaGhrxer8wFubjJexmP4VLvsH73G0k5LT3QuLcinRFnZi0ynGyI3elvNeJVsrz6d3vDa8Z/Mds8x4lB0Rqgwth8GfMzTkWbA1+k01KKt2Qd2EIGa5nCH0tVlpWe4hFYCGa4DRhv4hMXhWXJotWcsFGkCYUPbz8RjUN8tcZmAmvcKOK+AZfI72ANwYQhahkefE0vwDxWvmLiQYDFjK8ugzdFyphK63HTX23Ag7uHOnXjZMcM34zG5CBsivD8SnI2Yiap1Bg+YjoauUGtR2Cox6hClWWGA1TGBI2q6jDSE5O5kWDLNQu60XBKC0vb7RVWzwExEw45iVla2M2RbpQ6g56RRYFL7gsLsRQalZmsY8QajVLSMXYV2ygIUQHHoRFRZqUsB9XhP7qCbOI0hb+oCMUTjQSyzJKUmoMlVjzFHIUpa/8AEqWcjBB0KOPaJCe3Bat/MIZtya5feCjLwlil0PmDmlAFo0xUQ2CoAzrFLR9syfWjmVqvqUZhdg9yBRXo/KgFHKJxTWJNAq/EbluUvfyyoCGjjH+1Dfi1QOJJKd4ftuMxaVenOX7g9SWpdv4iYNF4GbcX1MgiNPI9jMMZavVSf1GCljKFbzWoTGWbdtXcLAKTbfmFZAPYl3I3nEVMUE45i2AQc5T2l1lVVmWCmTTHgmCIWu46Ighj3a6zA54biB7MKAcwI3RmNQJazHzWAym2pQJivzMkthxLAbNYzHQrDUqE1WMSzvuzMqFYZdBWY9j+JQGN8NT/2Q==\" style=\"width: 100%;\" data-filename=\"cms-img1.jpg\"><br></h2>', NULL, NULL);

-- --------------------------------------------------------

--
-- Table structure for table `billinginformations`
--

CREATE TABLE `billinginformations` (
  `id` bigint(20) UNSIGNED NOT NULL,
  `user_id` int(11) NOT NULL,
  `street` varchar(255) COLLATE utf8mb4_unicode_ci NOT NULL,
  `city` int(11) NOT NULL,
  `state` int(11) NOT NULL,
  `country` int(11) NOT NULL,
  `status` int(11) NOT NULL,
  `created_at` timestamp NULL DEFAULT NULL,
  `updated_at` timestamp NULL DEFAULT NULL
) ENGINE=InnoDB DEFAULT CHARSET=utf8mb4 COLLATE=utf8mb4_unicode_ci;

--
-- Dumping data for table `billinginformations`
--

INSERT INTO `billinginformations` (`id`, `user_id`, `street`, `city`, `state`, `country`, `status`, `created_at`, `updated_at`) VALUES
(1, 6, 'UBHOSHER SHAHPUR', 1, 1, 1, 1, NULL, NULL),
(2, 6, '3060,Ubhosher,Vanmali vanka ni Pole', 1, 1, 1, 1, NULL, NULL),
(3, 6, 'UBHOSHER SHAHPUR', 1, 1, 1, 1, NULL, NULL),
(4, 6, 'UBHOSHER SHAHPUR', 1, 1, 1, 1, NULL, NULL),
(5, 17, 'UBHOSHER SHAHPUR', 1, 1, 1, 1, NULL, NULL),
(6, 18, '3060,Ubhosher,Vanmali vanka ni Pole', 1, 1, 1, 1, NULL, NULL),
(7, 6, 'UBHOSHER SHAHPUR', 2, 2, 1, 1, NULL, NULL),
(8, 6, 'UBHOSHER SHAHPUR', 1, 1, 1, 1, NULL, NULL),
(9, 20, 'Ubhosher', 1, 1, 1, 1, NULL, NULL),
(10, 21, '3060,Ubhosher,Vanmali vanka ni Pole', 1, 1, 1, 1, NULL, NULL),
(11, 22, 'SUgad', 1, 1, 1, 1, NULL, NULL),
(12, 6, 'UBHOSHER SHAHPUR', 1, 1, 1, 1, NULL, NULL);

-- --------------------------------------------------------

--
-- Table structure for table `cancelorders`
--

CREATE TABLE `cancelorders` (
  `id` bigint(20) UNSIGNED NOT NULL,
  `order_id` int(11) NOT NULL,
  `user_id` int(11) NOT NULL,
  `reason` varchar(255) COLLATE utf8mb4_unicode_ci NOT NULL,
  `description` text COLLATE utf8mb4_unicode_ci DEFAULT NULL,
  `created_at` timestamp NULL DEFAULT NULL,
  `updated_at` timestamp NULL DEFAULT NULL
) ENGINE=InnoDB DEFAULT CHARSET=utf8mb4 COLLATE=utf8mb4_unicode_ci;

--
-- Dumping data for table `cancelorders`
--

INSERT INTO `cancelorders` (`id`, `order_id`, `user_id`, `reason`, `description`, `created_at`, `updated_at`) VALUES
(1, 24, 6, 'I have Changed my mind', 'abcdefghijkllmdnjbf', '2021-07-15 03:54:30', NULL),
(2, 27, 6, 'I have Changed my mind', 'abcdefghijkl;,m', '2021-07-16 03:50:52', NULL),
(3, 26, 6, 'I have Changed my mind', NULL, '2021-07-16 04:18:55', NULL),
(4, 32, 6, 'Product price is decreased', NULL, '2021-07-16 04:29:31', NULL),
(5, 34, 6, 'I have Changed my mind', 'trtyuk ugj', '2021-07-16 05:34:28', NULL),
(6, 36, 6, 'I have Changed my mind', 'abcdefgjo dfv', '2021-07-16 06:15:53', NULL),
(7, 29, 6, 'The delievery has been delay', NULL, '2021-07-16 08:08:41', NULL),
(8, 37, 6, 'Product price is decreased', 'bvdghjgfgn', '2021-07-16 08:35:03', NULL),
(9, 38, 6, 'Product price is decreased', 'ancdf', '2021-07-16 09:48:41', NULL),
(10, 39, 6, 'I have Changed my mind', NULL, '2021-07-20 06:42:40', NULL),
(11, 40, 6, 'Product price is decreased', NULL, '2021-07-20 06:52:32', NULL),
(12, 41, 6, 'Product price is decreased', NULL, '2021-07-20 07:48:59', NULL),
(13, 42, 6, 'Order Placed By mistake', NULL, '2021-07-20 09:25:54', NULL),
(14, 44, 6, 'I have Changed my mind', NULL, '2021-07-20 10:16:08', NULL),
(15, 46, 6, 'I have Changed my mind', NULL, '2021-07-20 11:23:38', NULL),
(16, 45, 6, 'I have Changed my mind', NULL, '2021-07-20 11:24:09', NULL),
(17, 48, 6, 'Product price is decreased', NULL, '2021-07-20 13:03:10', NULL),
(18, 50, 6, 'I have Changed my mind', NULL, '2021-07-21 04:16:11', NULL),
(19, 51, 6, 'I have Changed my mind', NULL, '2021-07-21 04:54:31', NULL),
(20, 52, 6, 'I have Changed my mind', NULL, '2021-07-21 05:15:26', NULL),
(21, 53, 6, 'I have Changed my mind', NULL, '2021-07-21 05:26:18', NULL),
(22, 54, 6, 'I have Changed my mind', NULL, '2021-07-21 05:43:45', NULL),
(23, 55, 6, 'I have Changed my mind', NULL, '2021-07-21 06:27:59', NULL),
(24, 47, 6, 'I have Changed my mind', NULL, '2021-07-21 07:16:54', NULL),
(25, 56, 6, 'I have Changed my mind', NULL, '2021-07-21 07:25:56', NULL),
(26, 57, 6, 'I have Changed my mind', NULL, '2021-07-21 08:34:36', NULL),
(27, 58, 6, 'I have Changed my mind', NULL, '2021-07-21 09:12:34', NULL),
(28, 59, 6, 'I have Changed my mind', NULL, '2021-07-21 13:03:54', NULL),
(29, 60, 6, 'Product price is decreased', NULL, '2021-07-21 13:32:20', NULL),
(30, 61, 6, 'I have Changed my mind', NULL, '2021-07-21 15:18:48', NULL),
(31, 62, 6, 'I have Changed my mind', NULL, '2021-07-21 16:08:01', NULL),
(32, 64, 6, 'I have Changed my mind', NULL, '2021-07-22 08:51:24', NULL),
(33, 65, 6, 'I have Changed my mind', NULL, '2021-07-22 09:24:20', NULL),
(34, 66, 6, 'I have Changed my mind', NULL, '2021-07-22 10:44:17', NULL),
(35, 67, 6, 'I have Changed my mind', NULL, '2021-07-22 11:10:15', NULL),
(36, 68, 6, 'I have Changed my mind', NULL, '2021-07-22 11:19:43', NULL),
(37, 69, 6, 'I have Changed my mind', NULL, '2021-07-22 11:27:45', NULL),
(38, 70, 6, 'I have Changed my mind', NULL, '2021-07-22 11:48:44', NULL),
(39, 71, 6, 'I have Changed my mind', NULL, '2021-07-22 11:51:11', NULL),
(40, 76, 6, 'Product price is decreased', NULL, '2021-07-26 04:45:32', NULL);

-- --------------------------------------------------------

--
-- Table structure for table `categories`
--

CREATE TABLE `categories` (
  `id` bigint(20) UNSIGNED NOT NULL,
  `category_name` varchar(255) COLLATE utf8mb4_unicode_ci NOT NULL,
  `category_description` text COLLATE utf8mb4_unicode_ci NOT NULL,
  `status` tinyint(11) NOT NULL DEFAULT 1,
  `created_at` timestamp NULL DEFAULT NULL,
  `updated_at` timestamp NULL DEFAULT NULL
) ENGINE=InnoDB DEFAULT CHARSET=utf8mb4 COLLATE=utf8mb4_unicode_ci;

--
-- Dumping data for table `categories`
--

INSERT INTO `categories` (`id`, `category_name`, `category_description`, `status`, `created_at`, `updated_at`) VALUES
(2, 'Womens', 'Clothes For Womens', 1, '2021-06-23 05:55:24', '2021-06-23 07:10:19'),
(3, 'Men', 'this is clothes for men', 1, '2021-06-23 07:35:14', '2021-06-25 01:23:15'),
(4, 'Kids', 'This is For Kids', 1, '2021-06-25 10:42:41', '2021-06-30 01:09:13'),
(5, 'Accesories', 'abcdeffbnm', 1, '2021-07-03 00:02:21', NULL);

-- --------------------------------------------------------

--
-- Table structure for table `cities`
--

CREATE TABLE `cities` (
  `id` bigint(20) UNSIGNED NOT NULL,
  `state_id` int(11) NOT NULL,
  `city_name` varchar(255) COLLATE utf8mb4_unicode_ci NOT NULL,
  `status` tinyint(11) NOT NULL,
  `created_at` timestamp NULL DEFAULT NULL,
  `updated_at` timestamp NULL DEFAULT NULL
) ENGINE=InnoDB DEFAULT CHARSET=utf8mb4 COLLATE=utf8mb4_unicode_ci;

--
-- Dumping data for table `cities`
--

INSERT INTO `cities` (`id`, `state_id`, `city_name`, `status`, `created_at`, `updated_at`) VALUES
(1, 1, 'AHMEDABAD', 1, '2021-06-24 12:19:16', NULL),
(2, 2, 'jodhpur', 1, '2021-06-24 12:19:41', '2021-06-24 12:20:56');

-- --------------------------------------------------------

--
-- Table structure for table `colors`
--

CREATE TABLE `colors` (
  `id` bigint(20) UNSIGNED NOT NULL,
  `color_name` varchar(255) COLLATE utf8mb4_unicode_ci NOT NULL,
  `color_code` varchar(255) COLLATE utf8mb4_unicode_ci NOT NULL,
  `status` tinyint(11) NOT NULL,
  `created_at` timestamp NULL DEFAULT NULL,
  `updated_at` timestamp NULL DEFAULT NULL
) ENGINE=InnoDB DEFAULT CHARSET=utf8mb4 COLLATE=utf8mb4_unicode_ci;

--
-- Dumping data for table `colors`
--

INSERT INTO `colors` (`id`, `color_name`, `color_code`, `status`, `created_at`, `updated_at`) VALUES
(1, 'Black', '#000000', 1, '2021-06-24 01:53:19', '2021-06-24 03:06:44'),
(2, 'Green', '#00ff00', 1, '2021-06-24 02:04:29', '2021-06-24 02:58:40'),
(3, 'Red', '#ff0000', 1, '2021-06-24 03:38:01', NULL),
(4, 'Yellow', '#fff714', 1, '2021-06-24 03:38:53', NULL),
(5, 'Blue', '#0000ff', 1, '2021-06-24 03:39:28', '2021-06-24 03:39:49'),
(6, 'Orange', '#f28d20', 1, '2021-06-27 07:45:57', NULL),
(7, 'Pink', '#ea4748', 1, '2021-06-27 07:47:58', NULL);

-- --------------------------------------------------------

--
-- Table structure for table `contacts`
--

CREATE TABLE `contacts` (
  `id` bigint(20) UNSIGNED NOT NULL,
  `name` varchar(255) COLLATE utf8mb4_unicode_ci NOT NULL,
  `email` varchar(255) COLLATE utf8mb4_unicode_ci NOT NULL,
  `subject` varchar(255) COLLATE utf8mb4_unicode_ci NOT NULL,
  `message` text COLLATE utf8mb4_unicode_ci NOT NULL,
  `isreplied` int(11) NOT NULL DEFAULT 0,
  `reply` varchar(255) COLLATE utf8mb4_unicode_ci NOT NULL,
  `status` tinyint(11) NOT NULL,
  `created_at` timestamp NULL DEFAULT NULL,
  `updated_at` timestamp NULL DEFAULT NULL
) ENGINE=InnoDB DEFAULT CHARSET=utf8mb4 COLLATE=utf8mb4_unicode_ci;

--
-- Dumping data for table `contacts`
--

INSERT INTO `contacts` (`id`, `name`, `email`, `subject`, `message`, `isreplied`, `reply`, `status`, `created_at`, `updated_at`) VALUES
(1, 'ANJALI V SHAH', 'nikhilvshah12274@gmail.com', 'Registration', 'i have faced issue during registration', 1, 'Yes We have work on that', 1, '2021-07-04 08:09:42', NULL),
(2, 'ANJALI V SHAH', 'nikhilvshah12274@gmail.com', 'Registration', 'i have faced issue during registration', 1, 'We \'ll solve in some time', 1, '2021-07-04 08:10:25', NULL),
(3, 'ANJALI V SHAH', 'nikhilvshah12274@gmail.com', 'Registration', 'i have faced issue during registration', 1, 'abcdwedfv f', 1, '2021-07-04 08:10:53', NULL),
(4, 'ANJALI V SHAH', 'nikhilvshah12274@gmail.com', 'jhtrert', 'yturytsrtgfh gf', 0, '', 1, '2021-07-04 08:13:09', NULL),
(5, 'ANJALI V SHAH', 'nikhilvshah12274@gmail.com', 'jhtrert', 'yturytsrtgfh gf', 0, '', 1, '2021-07-04 08:16:35', NULL),
(6, 'ANJALI V SHAH', 'nikhilvshah12274@gmail.com', 'hfd', 'asdfghjgfd', 0, '', 1, '2021-07-04 08:17:04', NULL),
(7, 'ANJALI V SHAH', 'nikhilvshah12274@gmail.com', 'hfd', 'asdfghjgfd', 0, '', 1, '2021-07-04 08:20:35', NULL),
(8, 'ANJALI V SHAH', 'nikhilvshah12274@gmail.com', 'HELLO', 'dfghbvcxz', 0, '', 1, '2021-07-04 08:22:19', NULL),
(9, 'ANJALI V SHAH', 'nikhilvshah12274@gmail.com', 'HELLO', 'asdfghmvs', 0, '', 1, '2021-07-04 08:27:44', NULL),
(10, 'ANJALI V SHAH', 'nikhilvshah12274@gmail.com', 'Registration', 'asdfghvcx', 0, '', 1, '2021-07-04 08:28:51', NULL),
(11, 'ANJALI V SHAH', 'nikhilvshah12274@gmail.com', 'Registration', 'ASDFGG', 0, '', 1, '2021-07-04 08:29:59', NULL),
(12, 'ANJALI V SHAH', 'nikhilvshah12274@gmail.com', 'Registration', 'asdfghgfdsa', 0, '', 1, '2021-07-04 08:30:53', NULL),
(13, 'ANJALI V SHAH', 'nikhilvshah12274@gmail.com', 'Registration', 'kjhkjtyrterty', 0, '', 1, '2021-07-04 10:47:30', NULL),
(14, 'ANJALI V SHAH', 'nikhilvshah12274@gmail.com', 'Registration', 'I have faced issue', 0, '', 1, '2021-07-05 00:36:31', NULL),
(15, 'ANJALI V SHAH', 'nikhilvshah12274@gmail.com', 'Registration', 'abcefgyjfb fgn', 0, '', 1, '2021-07-09 01:21:24', NULL),
(16, 'ANJALI V SHAH', 'nikhilvshah12274@gmail.com', 'Registration', 'sxcvbvcxz', 1, 'yeqaahh', 1, '2021-07-13 04:56:29', NULL);

-- --------------------------------------------------------

--
-- Table structure for table `countries`
--

CREATE TABLE `countries` (
  `id` bigint(20) UNSIGNED NOT NULL,
  `country_name` varchar(255) COLLATE utf8mb4_unicode_ci NOT NULL,
  `country_code` varchar(255) COLLATE utf8mb4_unicode_ci NOT NULL,
  `status` tinyint(11) NOT NULL,
  `created_at` timestamp NULL DEFAULT NULL,
  `updated_at` timestamp NULL DEFAULT NULL
) ENGINE=InnoDB DEFAULT CHARSET=utf8mb4 COLLATE=utf8mb4_unicode_ci;

--
-- Dumping data for table `countries`
--

INSERT INTO `countries` (`id`, `country_name`, `country_code`, `status`, `created_at`, `updated_at`) VALUES
(1, 'India', '+91', 1, '2021-06-24 07:27:05', '2021-06-24 11:00:37'),
(2, 'Pakistan', '+92', 1, '2021-06-24 11:02:08', NULL),
(3, 'Australia', '+61', 1, '2021-06-24 11:02:46', NULL),
(4, 'U.S.', '+1', 1, '2021-06-25 03:16:15', NULL);

-- --------------------------------------------------------

--
-- Table structure for table `coupons`
--

CREATE TABLE `coupons` (
  `id` bigint(20) UNSIGNED NOT NULL,
  `coupon_id` varchar(255) COLLATE utf8mb4_unicode_ci NOT NULL,
  `user_id` int(11) NOT NULL,
  `type` int(11) NOT NULL DEFAULT 0,
  `discount` int(11) NOT NULL,
  `isvalid` int(11) NOT NULL,
  `expired_at` datetime NOT NULL DEFAULT current_timestamp(),
  `created_at` timestamp NULL DEFAULT NULL,
  `updated_at` timestamp NULL DEFAULT NULL
) ENGINE=InnoDB DEFAULT CHARSET=utf8mb4 COLLATE=utf8mb4_unicode_ci;

--
-- Dumping data for table `coupons`
--

INSERT INTO `coupons` (`id`, `coupon_id`, `user_id`, `type`, `discount`, `isvalid`, `expired_at`, `created_at`, `updated_at`) VALUES
(1, 'lhqRKp3A', 6, 0, 10, 1, '2021-07-24 09:48:22', '2021-07-20 10:17:12', NULL),
(2, 'bDD0WwUZ', 6, 0, 10, 0, '2021-07-24 09:48:22', '2021-07-20 11:18:12', NULL),
(3, 'XU5prw3I', 6, 0, 10, 1, '2021-07-22 09:48:22', '2021-07-20 12:27:32', NULL),
(4, 'Qkf607jg', 6, 0, 10, 1, '2021-07-22 09:48:22', '2021-07-20 13:10:16', NULL),
(5, 'lIW15JRs', 6, 0, 10, 1, '2021-07-22 09:48:22', '2021-07-21 04:52:46', NULL),
(6, 'XnO5qJGy', 6, 0, 10, 1, '2021-07-22 09:48:22', '2021-07-21 05:11:08', NULL),
(7, 'rdAAVTKN', 6, 0, 10, 1, '2021-07-22 09:48:22', '2021-07-21 09:11:23', NULL),
(8, 'THc3xJuG', 0, 1, 10, 1, '2021-07-23 10:58:00', '2021-07-22 05:56:47', NULL),
(9, 'EjsOfHNd', 0, 1, 10, 1, '2021-07-24 11:04:00', '2021-07-22 05:34:37', NULL),
(10, 'H2Sbpz1P', 6, 0, 10, 1, '2021-07-23 00:00:00', '2021-07-22 12:04:50', NULL),
(11, 'oTIDvvMB', 0, 1, 15, 1, '2021-07-26 20:20:00', '2021-07-23 10:50:36', NULL);

-- --------------------------------------------------------

--
-- Table structure for table `failed_jobs`
--

CREATE TABLE `failed_jobs` (
  `id` bigint(20) UNSIGNED NOT NULL,
  `uuid` varchar(255) COLLATE utf8mb4_unicode_ci NOT NULL,
  `connection` text COLLATE utf8mb4_unicode_ci NOT NULL,
  `queue` text COLLATE utf8mb4_unicode_ci NOT NULL,
  `payload` longtext COLLATE utf8mb4_unicode_ci NOT NULL,
  `exception` longtext COLLATE utf8mb4_unicode_ci NOT NULL,
  `failed_at` timestamp NOT NULL DEFAULT current_timestamp()
) ENGINE=InnoDB DEFAULT CHARSET=utf8mb4 COLLATE=utf8mb4_unicode_ci;

-- --------------------------------------------------------

--
-- Table structure for table `frontusers`
--

CREATE TABLE `frontusers` (
  `id` bigint(20) UNSIGNED NOT NULL,
  `username` varchar(255) COLLATE utf8mb4_unicode_ci NOT NULL,
  `firstname` varchar(255) COLLATE utf8mb4_unicode_ci NOT NULL,
  `lastname` varchar(255) COLLATE utf8mb4_unicode_ci NOT NULL,
  `email` varchar(255) COLLATE utf8mb4_unicode_ci NOT NULL,
  `password` varchar(255) COLLATE utf8mb4_unicode_ci NOT NULL,
  `gender` enum('Male','Female') COLLATE utf8mb4_unicode_ci NOT NULL,
  `phoneno` varchar(255) COLLATE utf8mb4_unicode_ci NOT NULL,
  `mobileno` varchar(255) COLLATE utf8mb4_unicode_ci NOT NULL,
  `intrest` varchar(255) COLLATE utf8mb4_unicode_ci NOT NULL,
  `status` tinyint(11) NOT NULL,
  `created_at` timestamp NULL DEFAULT NULL,
  `updated_at` timestamp NULL DEFAULT NULL
) ENGINE=InnoDB DEFAULT CHARSET=utf8mb4 COLLATE=utf8mb4_unicode_ci;

--
-- Dumping data for table `frontusers`
--

INSERT INTO `frontusers` (`id`, `username`, `firstname`, `lastname`, `email`, `password`, `gender`, `phoneno`, `mobileno`, `intrest`, `status`, `created_at`, `updated_at`) VALUES
(6, 'nikhil42', 'Nikhil', 'SHAH', 'nikhilvshah12274@gmail.com', '$2y$10$T8yf/cyxJAQUrW42PuyW9eoB9aeZKVTb9tX/fPX6uJTJM3RMsvoG2', 'Male', '8460469135', '09104653449', 'men,women,kids,swimming', 1, NULL, NULL),
(9, 'nikhil4120', 'nikhil', 'shah', 'nikhilshah4120@gmail.com', '$2y$10$U4V7npM.1vk6G5sxkqCqiOe47L9YYSxZi3xODNRV.9T8Xr4OBAevC', 'Male', '8460469135', '09104653449', 'men,women', 1, NULL, NULL),
(12, 'nik', 'nikhil', 'shah', 'niks04446@gmail.com', '$2y$10$RkyH.K2fQjmGtUddLfo/q.6j48A7Zps8i1/Vnk.OqQ1UIGyAMFJ/i', 'Male', '25623789', '8460469135', 'men,women,kids', 1, NULL, NULL),
(14, 'nikhil', 'nikhil', 'SHAH', 'admin@gmail.com', '$2y$10$oZDx7f9eJ1NYQvdu1lC/buNGX1Yi4oH6tomTSVuyr96ST6lpdufLa', 'Male', '09104653449', '09104653449', 'men,women,kids', 1, NULL, NULL),
(15, 'nikhil', 'nikhil', 'shah', 'abc@gmail.com', '$2y$10$Ri0rVmb7yfxDlYKVICB.iuslSa/EeMsAGjED7ffLdjgB47.yKt9BC', 'Male', '9104653449', '09104653449', 'men,women,kids', 1, NULL, NULL),
(18, 'nikhil4120', 'nikhil', 'shah', 'mno1232@gmail.com', '$2y$10$86dhOaQazpi2QA3Civ4yde3iPu4SxXfL0hg6d2..ntQCY0B619v2O', 'Male', '9104653449', '09104653449', 'men,women,kids', 1, NULL, NULL),
(19, 'Vivek', 'vivek', 'Chauhan', 'xyz123@gmail.com', '$2y$10$l/Y5s3KA4X3KlCkM9tZvW.M.w.CMZaNBgHwQGy6iBYtm8uaMDXRQO', 'Male', '9104653449', '09104653449', '', 1, NULL, NULL),
(20, 'Vinod', 'John', 'pickard', 'abc789@gmail.com', '$2y$10$EUngd4wwEiZ0P1wz0cV0Puizse5Kmj7MyAtc9Rt3KIl7FJcZVpsNG', 'Male', '9104653449', '9429065215', 'men,women,kids', 1, NULL, NULL),
(21, 'nikhil', 'Dhruvil', 'patel', 'abcde@gmail.com', '$2y$10$08dOqeoga1iYjSlRdHSIbOjdYxU0Ji94o1wzgkoATmNM/EW1gCJJW', 'Male', '9104653449', '09104653449', 'men,women,kids', 1, NULL, NULL),
(22, 'nikhil', 'nikhil', 'shah', 'xyz987@gmail.com', '$2y$10$Ir3RNxkBYwrozHGNalFJuOGg8jDrZCuXfmSsBFRmE63y9GefbkWw2', 'Male', '9104653449', '09104653449', 'men,women,kids', 1, NULL, NULL);

-- --------------------------------------------------------

--
-- Table structure for table `migrations`
--

CREATE TABLE `migrations` (
  `id` int(10) UNSIGNED NOT NULL,
  `migration` varchar(255) COLLATE utf8mb4_unicode_ci NOT NULL,
  `batch` int(11) NOT NULL
) ENGINE=InnoDB DEFAULT CHARSET=utf8mb4 COLLATE=utf8mb4_unicode_ci;

--
-- Dumping data for table `migrations`
--

INSERT INTO `migrations` (`id`, `migration`, `batch`) VALUES
(1, '2014_10_12_000000_create_users_table', 1),
(2, '2014_10_12_100000_create_password_resets_table', 1),
(3, '2014_10_12_200000_add_two_factor_columns_to_users_table', 1),
(4, '2019_08_19_000000_create_failed_jobs_table', 1),
(5, '2019_12_14_000001_create_personal_access_tokens_table', 1),
(6, '2021_06_23_073723_create_sessions_table', 1),
(7, '2021_06_23_081553_create_frontusers_table', 2),
(8, '2021_06_23_083556_create_categories_table', 3),
(9, '2021_06_23_083644_create_subcategories_table', 3),
(10, '2021_06_23_083729_create_products_table', 3),
(11, '2021_06_23_083840_create_orders_table', 3),
(12, '2021_06_23_083922_create_contacts_table', 3),
(13, '2021_06_23_084031_create_countries_table', 3),
(14, '2021_06_23_084053_create_states_table', 3),
(15, '2021_06_23_084114_create_cities_table', 3),
(16, '2021_06_23_084148_create_colors_table', 3),
(17, '2021_06_23_084215_create_sizes_table', 3),
(18, '2021_06_23_084322_create_shippinginformations_table', 3),
(19, '2021_06_23_084409_create_billinginformations_table', 3),
(20, '2021_06_23_084501_create_taxamounts_table', 3),
(21, '2021_07_02_063737_create_newsletters_table', 4),
(22, '2021_07_02_064027_create_newsletterusers_table', 5),
(23, '2021_07_05_053104_create_wishlists_table', 6),
(24, '2021_07_05_101726_create_sliders_table', 7),
(25, '2021_07_05_104338_create_testimonials_table', 8),
(26, '2021_07_08_105811_create_abouts_table', 9),
(27, '2021_07_12_162537_create_reviews_table', 10),
(28, '2021_07_15_085327_create_cancelorders_table', 11),
(29, '2021_07_15_111044_create_returnorders_table', 12),
(30, '2021_07_20_143951_create_coupons_table', 13);

-- --------------------------------------------------------

--
-- Table structure for table `newsletters`
--

CREATE TABLE `newsletters` (
  `id` bigint(20) UNSIGNED NOT NULL,
  `title` varchar(255) COLLATE utf8mb4_unicode_ci NOT NULL,
  `description` text COLLATE utf8mb4_unicode_ci NOT NULL,
  `created_at` timestamp NULL DEFAULT NULL,
  `updated_at` timestamp NULL DEFAULT NULL
) ENGINE=InnoDB DEFAULT CHARSET=utf8mb4 COLLATE=utf8mb4_unicode_ci;

--
-- Dumping data for table `newsletters`
--

INSERT INTO `newsletters` (`id`, `title`, `description`, `created_at`, `updated_at`) VALUES
(3, 'ipl match', 'agrsdhyfjuki lukyjt', NULL, NULL),
(4, 'ipl match', 'agrsdhyfjuki lukyjt', NULL, NULL),
(5, 'ipl match', 'agrsdhyfjuki lukyjt', NULL, NULL),
(6, 'ipl match', 'Today is ipl match', NULL, NULL),
(7, 'ipl match', 'Today is ipl match', NULL, NULL),
(8, 'ipl match', 'Today is ipl match', NULL, NULL),
(9, 'Sorry For Inconvinience', 'sorry...', NULL, NULL),
(10, 'Jan Samasya Nivaran', 'sorry for inconvinience', NULL, NULL),
(11, 'quizes', 'qwerty', NULL, NULL);

-- --------------------------------------------------------

--
-- Table structure for table `newsletterusers`
--

CREATE TABLE `newsletterusers` (
  `id` bigint(20) UNSIGNED NOT NULL,
  `email` varchar(255) COLLATE utf8mb4_unicode_ci NOT NULL,
  `created_at` timestamp NULL DEFAULT NULL,
  `updated_at` timestamp NULL DEFAULT NULL
) ENGINE=InnoDB DEFAULT CHARSET=utf8mb4 COLLATE=utf8mb4_unicode_ci;

--
-- Dumping data for table `newsletterusers`
--

INSERT INTO `newsletterusers` (`id`, `email`, `created_at`, `updated_at`) VALUES
(1, 'nikhilvshah12274@gmail.com', NULL, NULL),
(4, 'nikhilshah4120@gmail.com', NULL, NULL),
(5, 'niks04446@gmail.com', NULL, NULL),
(6, 'mansivora@gmail.com', NULL, NULL),
(7, 'anjalishah5123@gmail.com', NULL, NULL);

-- --------------------------------------------------------

--
-- Table structure for table `orders`
--

CREATE TABLE `orders` (
  `id` bigint(20) UNSIGNED NOT NULL,
  `product_id` int(11) NOT NULL,
  `user_id` int(11) NOT NULL,
  `quantity` int(11) NOT NULL,
  `total_amount` int(11) NOT NULL,
  `delievery_status` int(11) NOT NULL,
  `order_id` varchar(50) COLLATE utf8mb4_unicode_ci DEFAULT NULL,
  `charge_id` varchar(255) COLLATE utf8mb4_unicode_ci DEFAULT NULL,
  `discount` int(11) NOT NULL DEFAULT 0,
  `coupon` varchar(50) COLLATE utf8mb4_unicode_ci DEFAULT NULL,
  `currency` varchar(10) COLLATE utf8mb4_unicode_ci NOT NULL DEFAULT 'inr',
  `status` tinyint(11) NOT NULL,
  `created_at` timestamp NULL DEFAULT NULL,
  `updated_at` timestamp NULL DEFAULT NULL
) ENGINE=InnoDB DEFAULT CHARSET=utf8mb4 COLLATE=utf8mb4_unicode_ci;

--
-- Dumping data for table `orders`
--

INSERT INTO `orders` (`id`, `product_id`, `user_id`, `quantity`, `total_amount`, `delievery_status`, `order_id`, `charge_id`, `discount`, `coupon`, `currency`, `status`, `created_at`, `updated_at`) VALUES
(20, 5, 6, 1, 500, 5, 'OD_60ee9494b7f34', 'ch_1JD2gNSFoMkBRyaG1ed1hEPq', 0, NULL, 'inr', 1, '2021-07-14 07:39:00', NULL),
(21, 1, 6, 1, 200, 5, 'OD_60ee95b460a88', 'ch_1JD2l1SFoMkBRyaGR7ZUp21J', 0, NULL, 'inr', 1, '2021-07-14 07:43:48', NULL),
(22, 4, 6, 1, 1260, 5, 'OD_60ee95b460a88', 'ch_1JD2l1SFoMkBRyaGR7ZUp21J', 0, NULL, 'inr', 1, '2021-07-14 07:43:48', NULL),
(23, 4, 6, 1, 1260, 5, 'OD_60eee21fbd6c1', 'ch_1JD7qZSFoMkBRyaGpqDFh1Sk', 0, NULL, 'inr', 1, '2021-07-14 13:09:51', NULL),
(24, 3, 6, 1, 500, 5, 'OD_60efb153afe0e', 'ch_1JDLe7SFoMkBRyaGbyQubMgf', 0, NULL, 'inr', 1, '2021-07-15 03:53:55', NULL),
(25, 2, 6, 1, 250, 6, 'OD_60efc5fb0f179', 'ch_1JDN1OSFoMkBRyaGce0EPXE9', 0, NULL, 'inr', 1, '2021-07-15 05:22:03', NULL),
(26, 7, 6, 1, 500, 5, 'OD_60efe6883266e', 'ch_1JDPBoSFoMkBRyaGKCCFKrVe', 0, NULL, 'inr', 1, '2021-07-15 07:40:56', NULL),
(27, 6, 6, 1, 120, 5, 'OD_60f0ffea2c053', 'ch_1JDhvfSFoMkBRyaGQgZKLfbO', 0, NULL, 'inr', 1, '2021-07-16 03:41:30', NULL),
(28, 2, 6, 1, 250, 6, 'OD_60f10418a8581', 'ch_1JDiCwSFoMkBRyaGO8Etc8M2', 0, NULL, 'inr', 1, '2021-07-16 03:59:20', NULL),
(29, 1, 6, 1, 200, 5, 'OD_60f10418a8581', 'ch_1JDiCwSFoMkBRyaGO8Etc8M2', 0, NULL, 'inr', 1, '2021-07-16 03:59:20', NULL),
(30, 5, 6, 1, 500, 5, 'OD_60f104c36a84f', 'ch_1JDiFhSFoMkBRyaGPAOAVUWm', 0, NULL, 'inr', 1, '2021-07-16 04:02:11', NULL),
(31, 3, 6, 1, 500, 6, 'OD_60f10a4b6f27f', 'ch_1JDicXSFoMkBRyaGXBfllX8k', 0, NULL, 'inr', 1, '2021-07-16 04:25:47', NULL),
(32, 7, 6, 1, 500, 5, 'OD_60f10b0334ee5', 'ch_1JDifVSFoMkBRyaGdaSOt8mT', 0, NULL, 'inr', 1, '2021-07-16 04:28:51', NULL),
(33, 3, 6, 1, 500, 4, 'OD_60f114463591b', 'ch_1JDjHkSFoMkBRyaGDscyNRiP', 0, NULL, 'inr', 1, '2021-07-16 05:08:22', NULL),
(34, 3, 6, 1, 500, 5, 'OD_60f11804ced91', 'ch_1JDjXDSFoMkBRyaGeliyPFBa', 0, NULL, 'inr', 1, '2021-07-16 05:24:20', NULL),
(36, 5, 6, 1, 500, 5, 'OD_60f123d26ca93', 'ch_1JDkJxSFoMkBRyaG0WiW4Jt8', 0, NULL, 'inr', 1, '2021-07-16 06:14:42', NULL),
(37, 3, 6, 1, 500, 5, 'OD_60f12af043f06', 'ch_1JDknKSFoMkBRyaGeKvexmvU', 0, NULL, 'inr', 1, '2021-07-16 06:45:04', NULL),
(38, 7, 6, 1, 500, 5, 'OD_60f144681ae6f', 'ch_1JDmUUSFoMkBRyaGSOnPB7ys', 0, NULL, 'inr', 1, '2021-07-16 08:33:44', NULL),
(39, 3, 6, 1, 500, 5, 'OD_60f667796f591', 'ch_1JFC4KSFoMkBRyaGBeOe3JLD', 0, NULL, 'inr', 1, '2021-07-20 06:04:41', NULL),
(40, 3, 6, 1, 500, 5, 'OD_60f671a6aed3e', 'ch_1JFCkLSFoMkBRyaGZ46SpI88', 0, NULL, 'inr', 1, '2021-07-20 06:48:06', NULL),
(41, 3, 6, 1, 500, 5, 'OD_60f67f9387bd7', 'ch_1JFDfqSFoMkBRyaGg1X9Nagf', 0, NULL, 'inr', 1, '2021-07-20 07:47:31', NULL),
(42, 3, 6, 1, 500, 5, 'OD_60f695d98ce68', 'ch_1JFF9oSFoMkBRyaGS2WkLYrC', 0, NULL, 'inr', 1, '2021-07-20 09:22:33', NULL),
(43, 7, 6, 1, 500, 1, 'OD_60f6a113633e6', 'ch_1JFFuASFoMkBRyaGgBDMVqSm', 0, NULL, 'inr', 1, '2021-07-20 10:10:27', NULL),
(44, 7, 6, 1, 500, 5, 'OD_60f6a1e1e497a', 'ch_1JFFxUSFoMkBRyaGaCJckWcZ', 0, NULL, 'inr', 1, '2021-07-20 10:13:53', NULL),
(45, 7, 6, 1, 500, 5, 'OD_60f6a2a6e2f2e', 'ch_1JFG0gSFoMkBRyaGGODZWbhf', 0, NULL, 'inr', 1, '2021-07-20 10:17:10', NULL),
(46, 7, 6, 1, 500, 5, 'OD_60f6b0f241e3c', 'ch_1JFGxhSFoMkBRyaGEwtbSjbf', 0, NULL, 'inr', 1, '2021-07-20 11:18:10', NULL),
(47, 1, 6, 1, 200, 5, 'OD_60f6c132f39e8', 'ch_1JFI2nSFoMkBRyaGTxomCb4i', 0, NULL, 'inr', 1, '2021-07-20 12:27:30', NULL),
(48, 5, 6, 1, 500, 5, 'OD_60f6c7bb94914', 'ch_1JFITnSFoMkBRyaGrYhBvmA9', 0, NULL, 'inr', 1, '2021-07-20 12:55:23', NULL),
(49, 5, 6, 1, 500, 1, 'OD_60f6cb369f8b9', 'ch_1JFIiASFoMkBRyaGnUMI5kTM', 0, NULL, 'inr', 1, '2021-07-20 13:10:14', NULL),
(50, 7, 6, 1, 500, 5, 'OD_60f79e8c40c82', 'ch_1JFWmkSFoMkBRyaGGjFAccOf', 10, NULL, 'inr', 1, '2021-07-21 04:11:56', NULL),
(51, 3, 6, 1, 500, 5, 'OD_60f7a81db1d80', 'ch_1JFXQFSFoMkBRyaGkrOEZVVV', 0, NULL, 'inr', 1, '2021-07-21 04:52:45', NULL),
(52, 3, 6, 1, 500, 5, 'OD_60f7ac6bd9678', 'ch_1JFXi1SFoMkBRyaGw2rgSK6V', 0, NULL, 'inr', 1, '2021-07-21 05:11:07', NULL),
(53, 3, 6, 1, 500, 5, 'OD_60f7ae8d5697e', 'ch_1JFXqpSFoMkBRyaGlHQxoi2L', 0, NULL, 'inr', 1, '2021-07-21 05:20:13', NULL),
(54, 3, 6, 1, 500, 5, 'OD_60f7b354dcdde', 'ch_1JFYAYSFoMkBRyaGPkKzIog5', 0, NULL, 'inr', 1, '2021-07-21 05:40:36', NULL),
(55, 7, 6, 1, 500, 5, 'OD_60f7be46a9a8b', 'ch_1JFYtkSFoMkBRyaGqrGxzLMG', 0, NULL, 'inr', 1, '2021-07-21 06:27:18', NULL),
(56, 3, 6, 1, 500, 5, 'OD_60f7cb8ca5d6c', 'ch_1JFZmZSFoMkBRyaGlY9ohdTr', 10, NULL, 'inr', 1, '2021-07-21 07:23:56', NULL),
(57, 7, 6, 1, 500, 5, 'OD_60f7dbf92ae90', 'ch_1JFasNSFoMkBRyaGbXjfwsMt', 10, NULL, 'inr', 1, '2021-07-21 08:34:01', NULL),
(58, 3, 6, 1, 500, 5, 'OD_60f7e4ba9cf94', 'ch_1JFbSWSFoMkBRyaGVbdw8MPd', 10, NULL, 'inr', 1, '2021-07-21 09:11:22', NULL),
(59, 7, 6, 1, 500, 5, 'OD_60f81ad3a7034', 'ch_1JFf3uSFoMkBRyaG0jHAV96c', 10, NULL, 'inr', 1, '2021-07-21 13:02:11', NULL),
(60, 3, 6, 1, 500, 5, 'OD_60f81bf114da0', 'ch_1JFf8VSFoMkBRyaGMZ1BqRPC', 0, NULL, 'inr', 1, '2021-07-21 13:06:57', NULL),
(61, 3, 6, 1, 500, 5, 'OD_60f83aaf234a6', 'ch_1JFhBSSFoMkBRyaGGLiyty6P', 0, NULL, 'inr', 1, '2021-07-21 15:18:07', NULL),
(62, 3, 6, 1, 500, 5, 'OD_60f845dd9d4b4', 'ch_1JFhvdSFoMkBRyaGbtRWKIl2', 0, NULL, 'inr', 1, '2021-07-21 16:05:49', NULL),
(63, 1, 6, 1, 200, 1, 'OD_60f90c517d577', 'ch_1JFv95SFoMkBRyaGsTYhlgrD', 10, 'THc3xJuG', 'inr', 1, '2021-07-22 06:12:33', NULL),
(64, 1, 6, 1, 200, 5, 'OD_60f92c9ab9950', 'ch_1JFxIPSFoMkBRyaGPGdKcTuR', 0, NULL, 'usd', 1, '2021-07-22 08:30:18', NULL),
(65, 1, 6, 1, 200, 5, 'OD_60f93491955af', 'ch_1JFxpISFoMkBRyaGGSfdGykN', 0, NULL, 'inr', 1, '2021-07-22 09:04:17', NULL),
(66, 3, 6, 1, 500, 5, 'OD_60f93c09d52af', 'ch_1JFyK8SFoMkBRyaGmAjVgQdA', 0, NULL, 'inr', 1, '2021-07-22 09:36:09', NULL),
(67, 3, 6, 1, 500, 5, 'OD_60f950b25e212', 'ch_1JFzhMSFoMkBRyaGk4tmHY3D', 0, NULL, 'inr', 1, '2021-07-22 11:04:18', NULL),
(68, 1, 6, 1, 200, 5, 'OD_60f953d521514', 'ch_1JFzuISFoMkBRyaGxnG2UsOH', 0, NULL, 'usd', 1, '2021-07-22 11:17:41', NULL),
(69, 3, 6, 1, 500, 5, 'OD_60f955ea16b18', 'ch_1JG02tSFoMkBRyaG5mXpL8ka', 0, NULL, 'inr', 1, '2021-07-22 11:26:34', NULL),
(70, 7, 6, 1, 500, 5, 'OD_60f95ad115a9d', 'ch_1JG0N8SFoMkBRyaGAmipBuow', 10, 'lhqRKp3A', 'inr', 1, '2021-07-22 11:47:29', NULL),
(71, 7, 6, 1, 500, 5, 'OD_60f95b934b66a', 'ch_1JG0QGSFoMkBRyaG8Hkswp67', 0, NULL, 'inr', 1, '2021-07-22 11:50:43', NULL),
(72, 3, 6, 1, 500, 1, 'OD_60f95d808a70f', 'ch_1JG0YDSFoMkBRyaG6qcBcXW4', 0, NULL, 'inr', 1, '2021-07-22 11:58:56', NULL),
(73, 2, 6, 1, 250, 1, 'OD_60f95d808a70f', 'ch_1JG0YDSFoMkBRyaG6qcBcXW4', 0, NULL, 'inr', 1, '2021-07-22 11:58:56', NULL),
(74, 7, 6, 1, 500, 1, 'OD_60f95ee1d3fa6', 'ch_1JG0dvSFoMkBRyaGllfq1xai', 0, NULL, 'usd', 1, '2021-07-22 12:04:49', NULL),
(75, 3, 6, 1, 500, 6, 'OD_60fa580ca2ff3', 'ch_1JGHElSFoMkBRyaGvVOuZZzy', 0, NULL, 'inr', 1, '2021-07-23 05:47:56', NULL),
(76, 3, 6, 1, 500, 5, 'OD_60fe3c8e4786c', 'ch_1JHLbLSFoMkBRyaGmvuduVom', 0, NULL, 'inr', 1, '2021-07-26 04:39:42', NULL);

-- --------------------------------------------------------

--
-- Table structure for table `password_resets`
--

CREATE TABLE `password_resets` (
  `email` varchar(255) COLLATE utf8mb4_unicode_ci NOT NULL,
  `token` varchar(255) COLLATE utf8mb4_unicode_ci NOT NULL,
  `created_at` timestamp NULL DEFAULT NULL
) ENGINE=InnoDB DEFAULT CHARSET=utf8mb4 COLLATE=utf8mb4_unicode_ci;

--
-- Dumping data for table `password_resets`
--

INSERT INTO `password_resets` (`email`, `token`, `created_at`) VALUES
('admin@gmail.com', '$2y$10$pMKDs7Omnw3pi0JZM43Q5uVa/Ar6vjVuRylmVvpH96zLOFfPe6/oC', '2021-07-12 05:36:35');

-- --------------------------------------------------------

--
-- Table structure for table `personal_access_tokens`
--

CREATE TABLE `personal_access_tokens` (
  `id` bigint(20) UNSIGNED NOT NULL,
  `tokenable_type` varchar(255) COLLATE utf8mb4_unicode_ci NOT NULL,
  `tokenable_id` bigint(20) UNSIGNED NOT NULL,
  `name` varchar(255) COLLATE utf8mb4_unicode_ci NOT NULL,
  `token` varchar(64) COLLATE utf8mb4_unicode_ci NOT NULL,
  `abilities` text COLLATE utf8mb4_unicode_ci DEFAULT NULL,
  `last_used_at` timestamp NULL DEFAULT NULL,
  `created_at` timestamp NULL DEFAULT NULL,
  `updated_at` timestamp NULL DEFAULT NULL
) ENGINE=InnoDB DEFAULT CHARSET=utf8mb4 COLLATE=utf8mb4_unicode_ci;

-- --------------------------------------------------------

--
-- Table structure for table `products`
--

CREATE TABLE `products` (
  `id` bigint(20) UNSIGNED NOT NULL,
  `category_id` int(11) NOT NULL,
  `subcategory_id` int(11) NOT NULL,
  `product_name` varchar(255) COLLATE utf8mb4_unicode_ci NOT NULL,
  `product_description` text COLLATE utf8mb4_unicode_ci NOT NULL,
  `product_image` varchar(255) COLLATE utf8mb4_unicode_ci NOT NULL,
  `color_id` int(11) NOT NULL,
  `size_id` varchar(100) COLLATE utf8mb4_unicode_ci NOT NULL,
  `price` int(11) NOT NULL,
  `sku_id` varchar(255) COLLATE utf8mb4_unicode_ci NOT NULL,
  `quantity` int(11) NOT NULL DEFAULT 0,
  `istrending` int(11) DEFAULT 1,
  `status` tinyint(11) NOT NULL,
  `created_at` timestamp NULL DEFAULT NULL,
  `updated_at` timestamp NULL DEFAULT NULL
) ENGINE=InnoDB DEFAULT CHARSET=utf8mb4 COLLATE=utf8mb4_unicode_ci;

--
-- Dumping data for table `products`
--

INSERT INTO `products` (`id`, `category_id`, `subcategory_id`, `product_name`, `product_description`, `product_image`, `color_id`, `size_id`, `price`, `sku_id`, `quantity`, `istrending`, `status`, `created_at`, `updated_at`) VALUES
(1, 3, 1, 'thumb U.S. Polo Assn. Full Sleeve Plain T-Shirts for Men', 'Lorem Ipsum Dolor Sit Amet, Consectetur Adipiscing Elit. Sed At Ante. Mauris Eleifend, Quam A Vulputate Dictum, Massa Quam Dapibus Leo, Eget Vulputate Orci Purus Ut Lorem. In Fringilla Mi In Ligula. Pellentesque Aliquam Quam Vel Dolor. Every Item Is A Vital Part Of A Woman\'s Wardrobe.', 'image/products/60d477169d137.jpg', 5, 'M', 200, 'mag209_prod1', 12, 1, 1, '2021-06-24 05:26:14', '2021-06-24 06:52:11'),
(2, 3, 1, 'India Polo Assn. Full Sleeve Plain T-Shirts for Men', 'Lorem Ipsum Dolor Sit Amet, Consectetur Adipiscing Elit. Sed At Ante. Mauris Eleifend, Quam A Vulputate Dictum, Massa Quam Dapibus Leo, Eget Vulputate Orci Purus Ut Lorem. In Fringilla Mi In Ligula. Pellentesque Aliquam Quam Vel Dolor. Every Item Is A Vital Part Of A Woman\'s Wardrobe.', 'image/products/60d571ad938dd.jpg', 3, 'XL', 250, 'mag209_prod2', 9, 1, 1, '2021-06-25 00:33:25', '2021-06-25 00:34:51'),
(3, 3, 1, 'Australian Polo Assn. Full Sleeve Plain T-Shirts for Men', 'Lorem Ipsum Dolor Sit Amet, Consectetur Adipiscing Elit. Sed At Ante. Mauris Eleifend, Quam A Vulputate Dictum, Massa Quam Dapibus Leo, Eget Vulputate Orci Purus Ut Lorem. In Fringilla Mi In Ligula. Pellentesque Aliquam Quam Vel Dolor. Every Item Is A Vital Part Of A Woman\'s Wardrobe.', 'image/products/60d577f55d19d.jpg', 2, 'L', 500, 'mag209_prod3', 1, 1, 1, '2021-06-25 01:00:13', '2021-07-23 08:13:18'),
(4, 2, 4, 'Woven Kanjivaram Silk Blend Saree  (Beige)', 'Mehrang offers high-quality Sarees online at affordable rates. We bring to you the latest collection every month and we believe in constant innovation and creativity. Mehrang Designs will serve all your needs for Silk Saree, Banarasi Saree, Kanjeevaram Saree, Plain Saree, Woven Saree, Georgette Saree, Crepe Saree, Designer Saree and many more. We change our collection with the trend and as per our customers demand. Mehrang is in line with serving marvellous Sarees with the hottest trend this season. The Saree is paired with an unstitched blouse in the same fabric as the saree. These saris are easy to handle', 'image/products/60d87dfa4acdf.jpeg', 6, 'L', 1260, 'SKU_TUSAR_CREAM', 10, 1, 1, '2021-06-27 08:02:42', NULL),
(5, 2, 3, 'Crepe Solid, Floral Print, Printed Salwar Suit Material', 'Lorem Ipsum is simply dummy text of the printing and typesetting industry. Lorem Ipsum has been the industry\'s standard dummy text ever since the 1500s, when an unknown printer took a galley of type and scrambled it to make a type specimen book. It has survived not only five centuries, but also the leap into electronic typesetting, remaining essentially unchanged. It was popularised in the 1960s with the release of Letraset sheets containing Lorem Ipsum passages, and more recently with desktop publishing software like Aldus PageMaker including versions of Lorem Ipsum.', 'image/products/60d87f9ae9746.jpeg', 2, 'L', 500, 'mag209_prod4', 6, 1, 1, '2021-06-27 08:09:38', NULL),
(6, 4, 7, 'Boys Festive & Party Kurta and Pyjama Set', 'Lorem Ipsum is simply dummy text of the printing and typesetting industry. Lorem Ipsum has been the industry\'s standard dummy text ever since the 1500s, when an unknown printer took a galley of type and scrambled it to make a type specimen book. It has survived not only five centuries, but also the leap into electronic typesetting, remaining essentially unchanged. It was popularised in the 1960s with the release of Letraset sheets containing Lorem Ipsum passages, and more recently with desktop publishing software like Aldus PageMaker including versions of Lorem Ipsum.', 'image/products/60d88192858da.jpeg', 4, 'S', 120, 'mag209_prod6', 10, 1, 1, '2021-06-27 08:18:02', NULL),
(7, 3, 1, 'U.K. Polo Assn. Full Sleeve Plain T-Shirts for Men', 'Lorem Ipsum Dolor Sit Amet, Consectetur Adipiscing Elit. Sed At Ante. Mauris Eleifend, Quam A Vulputate Dictum, Massa Quam Dapibus Leo, Eget Vulputate Orci Purus Ut Lorem. In Fringilla Mi In Ligula. Pellentesque Aliquam Quam Vel Dolor. Every Item Is A Vital Part Of A Woman\'s Wardrobe.', 'image/products/60dc33439c5a7.jpg', 5, 'M', 500, 'mag209_prod7', 3, 1, 1, '2021-06-30 03:32:59', '2021-07-13 06:44:02'),
(8, 3, 1, 'India Polo', 'abxgcjhkhj fdghkl', 'image/products/60dc3630d051b.jpg', 1, 'L', 500, 'mag209_prod9', 10, NULL, 1, '2021-06-30 03:45:28', '2021-07-22 12:31:22'),
(9, 3, 2, 'thumb thumb U.S. Polo Assn. Full Sleeve Plain Shirts for Men', 'this issdfvgn sdfnm  jbxsc sdfjvc ccdvc  dfbbgnh bn,sdkv', 'image/products/60dd5411871ac.jpeg', 1, 'L', 300, 'mag209_prod11', 7, 1, 1, '2021-07-01 00:05:13', '2021-07-23 12:09:36'),
(10, 3, 5, 'thumb U.S. Polo Assn. Full Sleeve Plain T-Shirts for Jabhha', 'sdfgn  dsfghjm, dscdvfbnm, adsfghjk sdfghjk sdfghnm', 'image/products/60dd5513a8019.jpg', 6, 'M', 700, 'SKU_TUSAR_CREAM1', 6, NULL, 1, '2021-07-01 00:09:31', '2021-07-23 12:09:13'),
(11, 3, 2, 'thumb U.S. Polo Assn. Full Sleeve Plain Shirts for Men', 'abcdfghijklmnopqrstuvwxyz agshdjfkglh/; lkjhgdfsdfgnhjmk, kyjhgfssghjk hgsfdfghjhkl kjhgfdafghjkjl kjhgfdasadfdgfhj kjhgfdfgj', 'image/products/60dd89206fa46.jpg', 5, 'L,M', 1000, 'SKU_TUSAR_CREAM', 12, 1, 1, '2021-07-01 03:51:36', '2021-07-09 01:43:04');

-- --------------------------------------------------------

--
-- Table structure for table `returnorders`
--

CREATE TABLE `returnorders` (
  `id` bigint(20) UNSIGNED NOT NULL,
  `order_id` int(11) NOT NULL,
  `user_id` int(11) NOT NULL,
  `reason` varchar(255) COLLATE utf8mb4_unicode_ci NOT NULL,
  `description` text COLLATE utf8mb4_unicode_ci DEFAULT NULL,
  `created_at` timestamp NULL DEFAULT NULL,
  `updated_at` timestamp NULL DEFAULT NULL
) ENGINE=InnoDB DEFAULT CHARSET=utf8mb4 COLLATE=utf8mb4_unicode_ci;

--
-- Dumping data for table `returnorders`
--

INSERT INTO `returnorders` (`id`, `order_id`, `user_id`, `reason`, `description`, `created_at`, `updated_at`) VALUES
(1, 25, 6, 'Product isnt matching with the product description', 'hkgfgsrhjhk', '2021-07-15 06:22:52', NULL),
(2, 28, 6, 'Product isnt matching with the product description', NULL, '2021-07-16 04:22:20', NULL),
(3, 31, 6, 'Product is fake, used or expired', NULL, '2021-07-16 08:25:00', NULL),
(4, 75, 6, 'Product isnt matching with the product description', NULL, '2021-07-23 05:51:38', NULL);

-- --------------------------------------------------------

--
-- Table structure for table `reviews`
--

CREATE TABLE `reviews` (
  `id` bigint(20) UNSIGNED NOT NULL,
  `user_id` int(11) NOT NULL,
  `product_id` int(11) NOT NULL,
  `review` int(11) NOT NULL,
  `description` text COLLATE utf8mb4_unicode_ci NOT NULL,
  `created_at` timestamp NULL DEFAULT NULL,
  `updated_at` timestamp NULL DEFAULT NULL
) ENGINE=InnoDB DEFAULT CHARSET=utf8mb4 COLLATE=utf8mb4_unicode_ci;

--
-- Dumping data for table `reviews`
--

INSERT INTO `reviews` (`id`, `user_id`, `product_id`, `review`, `description`, `created_at`, `updated_at`) VALUES
(1, 6, 7, 4, 'abcdefghijklmnopqrstuvwxyz', '2021-07-12 12:32:38', NULL),
(2, 6, 7, 4, 'abcdefglk', '2021-07-12 12:34:00', NULL),
(3, 6, 7, 4, 'abcdefghijkl', '2021-07-13 08:13:24', NULL),
(4, 6, 7, 4, 'nikhil shah', '2021-07-13 08:17:33', NULL),
(5, 6, 7, 5, 'abcdefghijklmnopqrstuvwxyz', '2021-07-13 08:17:59', NULL),
(6, 6, 7, 1, 'wrost', '2021-07-13 08:18:17', NULL),
(7, 6, 7, 4, 'We offer the following delivery options for 24c ours over the world. Deliveries are not made on Saturdays, Sundays or on public holidays. A specific time slot cannot be specified with any of our delivery options. Please refer to the Terms and Conditions of Sale.', '2021-07-13 09:46:47', NULL),
(8, 6, 7, 4, 'kgjfhh', '2021-07-13 09:51:31', NULL),
(9, 6, 11, 4, 'abcdefghjuklkjhv', '2021-07-13 09:54:52', NULL),
(10, 6, 7, 4, '1256!@#$%^$@#$%$W#', '2021-07-14 06:14:00', NULL),
(11, 6, 7, 1, 'Sren Bregendahl Brn', '2021-07-14 06:15:09', NULL);

-- --------------------------------------------------------

--
-- Table structure for table `sessions`
--

CREATE TABLE `sessions` (
  `id` varchar(255) COLLATE utf8mb4_unicode_ci NOT NULL,
  `user_id` bigint(20) UNSIGNED DEFAULT NULL,
  `ip_address` varchar(45) COLLATE utf8mb4_unicode_ci DEFAULT NULL,
  `user_agent` text COLLATE utf8mb4_unicode_ci DEFAULT NULL,
  `payload` text COLLATE utf8mb4_unicode_ci NOT NULL,
  `last_activity` int(11) NOT NULL
) ENGINE=InnoDB DEFAULT CHARSET=utf8mb4 COLLATE=utf8mb4_unicode_ci;

--
-- Dumping data for table `sessions`
--

INSERT INTO `sessions` (`id`, `user_id`, `ip_address`, `user_agent`, `payload`, `last_activity`) VALUES
('dT9C3p27OW3U33u6KHg6XOVRWPsIxecwTx0aTYbN', NULL, '127.0.0.1', 'Mozilla/5.0 (Windows NT 6.1; Win64; x64) AppleWebKit/537.36 (KHTML, like Gecko) Chrome/91.0.4472.164 Safari/537.36', 'YTozOntzOjY6Il90b2tlbiI7czo0MDoiZUZZMVZRM0dhVjFRenhFM2VUeGZIUFBHdk5uUld5VDdSNzduT1JRcSI7czo5OiJfcHJldmlvdXMiO2E6MTp7czozOiJ1cmwiO3M6MjE6Imh0dHA6Ly9sb2NhbGhvc3Q6ODAwMCI7fXM6NjoiX2ZsYXNoIjthOjI6e3M6Mzoib2xkIjthOjA6e31zOjM6Im5ldyI7YTowOnt9fX0=', 1627015658),
('DXCqVL6aVYptMGtOUz1fTqKN4uZ3chT7F7asWG6j', NULL, '127.0.0.1', 'Mozilla/5.0 (Windows NT 6.1; Win64; x64) AppleWebKit/537.36 (KHTML, like Gecko) Chrome/91.0.4472.164 Safari/537.36', 'YTozOntzOjY6Il90b2tlbiI7czo0MDoicGE4d000UjN3U2NwbndPN2lVNWNmbkV5SXZKWG1idUFob2VQNUdlTyI7czo5OiJfcHJldmlvdXMiO2E6MTp7czozOiJ1cmwiO3M6MjE6Imh0dHA6Ly9sb2NhbGhvc3Q6ODAwMCI7fXM6NjoiX2ZsYXNoIjthOjI6e3M6Mzoib2xkIjthOjA6e31zOjM6Im5ldyI7YTowOnt9fX0=', 1627016007),
('IdcGb1DV9Pv5DOJu9CQgFy4yK1ZcOcYNnN5B7b6T', 1, '127.0.0.1', 'Mozilla/5.0 (Windows NT 6.1; Win64; x64) AppleWebKit/537.36 (KHTML, like Gecko) Chrome/91.0.4472.164 Safari/537.36', 'YTo2OntzOjY6Il90b2tlbiI7czo0MDoiV0cxc0psd1dJOWtybHB1V2lxb3ppcEhtaDZCUTZ3ZFl2SHlIaWFaUyI7czo5OiJfcHJldmlvdXMiO2E6MTp7czozOiJ1cmwiO3M6MzE6Imh0dHA6Ly9sb2NhbGhvc3Q6ODAwMC9hbGwvb3JkZXIiO31zOjY6Il9mbGFzaCI7YToyOntzOjM6Im9sZCI7YTowOnt9czozOiJuZXciO2E6MDp7fX1zOjUwOiJsb2dpbl93ZWJfNTliYTM2YWRkYzJiMmY5NDAxNTgwZjAxNGM3ZjU4ZWE0ZTMwOTg5ZCI7aToxO3M6MTc6InBhc3N3b3JkX2hhc2hfd2ViIjtzOjYwOiIkMnkkMTAkdG5YUy85OXpXTDh1dVdtNDdFVk5XZXRKWjRoQzVBRnIweXFxd1JQd0Mwa3NKRldIb0JxZnEiO3M6MjE6InBhc3N3b3JkX2hhc2hfc2FuY3R1bSI7czo2MDoiJDJ5JDEwJHRuWFMvOTl6V0w4dXVXbTQ3RVZOV2V0Slo0aEM1QUZyMHlxcXdSUHdDMGtzSkZXSG9CcWZxIjt9', 1627019344),
('kOj9HpFTPyuT4EiWxzByRq10bqnObRWZV2NFe2pE', NULL, '127.0.0.1', 'Mozilla/5.0 (Windows NT 6.1; Win64; x64) AppleWebKit/537.36 (KHTML, like Gecko) Chrome/91.0.4472.164 Safari/537.36', 'YTozOntzOjY6Il90b2tlbiI7czo0MDoiYWtJeE1keEp0NDl5ZlV6ckNzU3ZTYXVkdGs0VnpoRHlGNWZXdG9JbyI7czo5OiJfcHJldmlvdXMiO2E6MTp7czozOiJ1cmwiO3M6MjE6Imh0dHA6Ly9sb2NhbGhvc3Q6ODAwMCI7fXM6NjoiX2ZsYXNoIjthOjI6e3M6Mzoib2xkIjthOjA6e31zOjM6Im5ldyI7YTowOnt9fX0=', 1627016792),
('MSraBGY47rVuCXRO5BvsPtuCXtQDsG3AmV2Beoiu', NULL, '127.0.0.1', 'Mozilla/5.0 (Windows NT 6.1; Win64; x64) AppleWebKit/537.36 (KHTML, like Gecko) Chrome/91.0.4472.164 Safari/537.36', 'YTozOntzOjY6Il90b2tlbiI7czo0MDoicEZ3OE1jR0pKYXk3Y2FWRGNYNTBSd0xpZjU3aWh2eVVzcWVaN24wMCI7czo5OiJfcHJldmlvdXMiO2E6MTp7czozOiJ1cmwiO3M6MjE6Imh0dHA6Ly9sb2NhbGhvc3Q6ODAwMCI7fXM6NjoiX2ZsYXNoIjthOjI6e3M6Mzoib2xkIjthOjA6e31zOjM6Im5ldyI7YTowOnt9fX0=', 1627016343),
('R1VA8RSpqf3zngFAahhz52kQhmDyh42umCIJeiQC', 1, '127.0.0.1', 'Mozilla/5.0 (Windows NT 6.1; Win64; x64) AppleWebKit/537.36 (KHTML, like Gecko) Chrome/91.0.4472.164 Safari/537.36', 'YTo2OntzOjY6Il90b2tlbiI7czo0MDoiWUo1VU1vb2lReXg5RVpjcGxEcm80b3VyMVpwWmxST09qbFFWRUdBViI7czozOiJ1cmwiO2E6MDp7fXM6OToiX3ByZXZpb3VzIjthOjE6e3M6MzoidXJsIjtzOjMwOiJodHRwOi8vbG9jYWxob3N0OjgwMDAvcHJvZHVjdHMiO31zOjY6Il9mbGFzaCI7YToyOntzOjM6Im9sZCI7YTowOnt9czozOiJuZXciO2E6MDp7fX1zOjUwOiJsb2dpbl93ZWJfNTliYTM2YWRkYzJiMmY5NDAxNTgwZjAxNGM3ZjU4ZWE0ZTMwOTg5ZCI7aToxO3M6MTc6InBhc3N3b3JkX2hhc2hfd2ViIjtzOjYwOiIkMnkkMTAkdG5YUy85OXpXTDh1dVdtNDdFVk5XZXRKWjRoQzVBRnIweXFxd1JQd0Mwa3NKRldIb0JxZnEiO30=', 1627027999),
('xa5q5kCimyKLeWGqEn2Tsl4ahVFl1DBvFvQgpbks', 1, '127.0.0.1', 'Mozilla/5.0 (Windows NT 6.1; Win64; x64) AppleWebKit/537.36 (KHTML, like Gecko) Chrome/91.0.4472.164 Safari/537.36', 'YTo2OntzOjY6Il90b2tlbiI7czo0MDoiMVNXME1wRDM2S0lmWERFUGtuQjJHeHduRW5GUGxZcW5Vc1BiOEpGNCI7czo5OiJfcHJldmlvdXMiO2E6MTp7czozOiJ1cmwiO3M6MzA6Imh0dHA6Ly9sb2NhbGhvc3Q6ODAwMC9wcm9kdWN0cyI7fXM6NjoiX2ZsYXNoIjthOjI6e3M6Mzoib2xkIjthOjA6e31zOjM6Im5ldyI7YTowOnt9fXM6NTA6ImxvZ2luX3dlYl81OWJhMzZhZGRjMmIyZjk0MDE1ODBmMDE0YzdmNThlYTRlMzA5ODlkIjtpOjE7czoxNzoicGFzc3dvcmRfaGFzaF93ZWIiO3M6NjA6IiQyeSQxMCR0blhTLzk5eldMOHV1V200N0VWTldldEpaNGhDNUFGcjB5cXF3UlB3QzBrc0pGV0hvQnFmcSI7czoyMToicGFzc3dvcmRfaGFzaF9zYW5jdHVtIjtzOjYwOiIkMnkkMTAkdG5YUy85OXpXTDh1dVdtNDdFVk5XZXRKWjRoQzVBRnIweXFxd1JQd0Mwa3NKRldIb0JxZnEiO30=', 1627042177);

-- --------------------------------------------------------

--
-- Table structure for table `shippinginformations`
--

CREATE TABLE `shippinginformations` (
  `id` bigint(20) UNSIGNED NOT NULL,
  `user_id` int(11) NOT NULL,
  `street` varchar(255) COLLATE utf8mb4_unicode_ci NOT NULL,
  `city` int(11) NOT NULL,
  `state` int(11) NOT NULL,
  `country` int(11) NOT NULL,
  `status` tinyint(11) NOT NULL,
  `created_at` timestamp NULL DEFAULT NULL,
  `updated_at` timestamp NULL DEFAULT NULL
) ENGINE=InnoDB DEFAULT CHARSET=utf8mb4 COLLATE=utf8mb4_unicode_ci;

--
-- Dumping data for table `shippinginformations`
--

INSERT INTO `shippinginformations` (`id`, `user_id`, `street`, `city`, `state`, `country`, `status`, `created_at`, `updated_at`) VALUES
(1, 6, 'UBHOSHER SHAHPUR', 1, 1, 1, 1, NULL, NULL),
(2, 6, '3060,Ubhosher,Vanmali vanka ni Pole', 1, 1, 1, 1, NULL, NULL),
(3, 6, 'UBHOSHER SHAHPUR', 1, 1, 1, 1, NULL, NULL),
(4, 6, 'UBHOSHER SHAHPUR', 1, 1, 1, 1, NULL, NULL),
(5, 17, 'UBHOSHER SHAHPUR', 1, 1, 1, 1, NULL, NULL),
(6, 18, '3060,Ubhosher,Vanmali vanka ni Pole', 1, 1, 1, 1, NULL, NULL),
(7, 6, 'UBHOSHER SHAHPUR', 2, 2, 1, 1, NULL, NULL),
(8, 6, 'UBHOSHER SHAHPUR', 1, 1, 1, 1, NULL, NULL),
(9, 20, 'Ubhosher', 1, 1, 1, 1, NULL, NULL),
(10, 21, '3060,Ubhosher,Vanmali vanka ni Pole', 1, 1, 1, 1, NULL, NULL),
(11, 22, 'SUgad', 1, 1, 1, 1, NULL, NULL),
(12, 6, 'UBHOSHER SHAHPUR', 1, 1, 1, 1, NULL, NULL);

-- --------------------------------------------------------

--
-- Table structure for table `sizes`
--

CREATE TABLE `sizes` (
  `id` bigint(20) UNSIGNED NOT NULL,
  `size_name` varchar(255) COLLATE utf8mb4_unicode_ci NOT NULL,
  `status` tinyint(11) NOT NULL,
  `created_at` timestamp NULL DEFAULT NULL,
  `updated_at` timestamp NULL DEFAULT NULL
) ENGINE=InnoDB DEFAULT CHARSET=utf8mb4 COLLATE=utf8mb4_unicode_ci;

--
-- Dumping data for table `sizes`
--

INSERT INTO `sizes` (`id`, `size_name`, `status`, `created_at`, `updated_at`) VALUES
(1, 'L', 1, '2021-06-24 03:34:44', '2021-06-24 03:36:08'),
(2, 'M', 1, '2021-06-24 03:35:51', NULL),
(3, 'S', 1, '2021-06-24 03:36:40', NULL),
(4, 'XL', 1, '2021-06-24 03:36:57', NULL),
(6, 'XXS', 1, '2021-06-27 07:38:26', NULL),
(7, 'XS', 1, '2021-06-27 07:38:49', NULL),
(8, 'XXL', 1, '2021-06-27 07:39:33', NULL),
(9, 'XXXL', 1, '2021-06-27 07:40:28', NULL);

-- --------------------------------------------------------

--
-- Table structure for table `sliders`
--

CREATE TABLE `sliders` (
  `id` bigint(20) UNSIGNED NOT NULL,
  `image` varchar(255) COLLATE utf8mb4_unicode_ci NOT NULL,
  `created_at` timestamp NULL DEFAULT NULL,
  `updated_at` timestamp NULL DEFAULT NULL
) ENGINE=InnoDB DEFAULT CHARSET=utf8mb4 COLLATE=utf8mb4_unicode_ci;

--
-- Dumping data for table `sliders`
--

INSERT INTO `sliders` (`id`, `image`, `created_at`, `updated_at`) VALUES
(1, 'image/sliders/60e327bb3a637.jpg', NULL, NULL),
(2, 'image/sliders/60e6a172c4950.jpg', NULL, NULL),
(3, 'image/sliders/60e327d7e4778.jpg', NULL, NULL);

-- --------------------------------------------------------

--
-- Table structure for table `states`
--

CREATE TABLE `states` (
  `id` bigint(20) UNSIGNED NOT NULL,
  `country_id` int(11) NOT NULL,
  `state_name` varchar(255) COLLATE utf8mb4_unicode_ci NOT NULL,
  `status` tinyint(11) NOT NULL,
  `created_at` timestamp NULL DEFAULT NULL,
  `updated_at` timestamp NULL DEFAULT NULL
) ENGINE=InnoDB DEFAULT CHARSET=utf8mb4 COLLATE=utf8mb4_unicode_ci;

--
-- Dumping data for table `states`
--

INSERT INTO `states` (`id`, `country_id`, `state_name`, `status`, `created_at`, `updated_at`) VALUES
(1, 1, 'Gujarat', 1, '2021-06-24 11:36:48', '2021-06-24 11:47:12'),
(2, 1, 'Rajshthan', 1, '2021-06-24 11:48:11', NULL),
(3, 3, 'Melbourne', 1, '2021-06-24 11:48:38', NULL),
(4, 2, 'Karachi', 1, '2021-06-24 11:49:10', NULL),
(5, 1, 'Delhi', 1, '2021-06-24 11:49:40', NULL);

-- --------------------------------------------------------

--
-- Table structure for table `subcategories`
--

CREATE TABLE `subcategories` (
  `id` bigint(20) UNSIGNED NOT NULL,
  `category_id` int(11) NOT NULL,
  `subcategory_name` varchar(255) COLLATE utf8mb4_unicode_ci NOT NULL,
  `subcategory_description` text COLLATE utf8mb4_unicode_ci NOT NULL,
  `status` tinyint(11) NOT NULL,
  `created_at` timestamp NULL DEFAULT NULL,
  `updated_at` timestamp NULL DEFAULT NULL
) ENGINE=InnoDB DEFAULT CHARSET=utf8mb4 COLLATE=utf8mb4_unicode_ci;

--
-- Dumping data for table `subcategories`
--

INSERT INTO `subcategories` (`id`, `category_id`, `subcategory_name`, `subcategory_description`, `status`, `created_at`, `updated_at`) VALUES
(1, 3, 'Tshirt', 'this is tshirt', 1, '2021-06-23 23:30:28', '2021-06-24 00:10:12'),
(2, 3, 'Shirts', 'This is shirts for men', 1, '2021-06-24 00:11:36', '2021-06-24 00:16:34'),
(3, 2, 'Dress', 'This is For women', 1, '2021-06-24 23:33:58', NULL),
(4, 2, 'Sari', 'This is Sari For women', 1, '2021-06-24 23:34:45', NULL),
(5, 3, 'Jabbhha', 'Men clothes', 1, '2021-06-25 00:24:24', NULL),
(6, 3, 'Kurtas', 'This is Kurta for men', 1, '2021-06-25 02:26:42', NULL),
(7, 4, 'Kurta', 'this is for kids', 1, '2021-06-27 08:14:18', NULL);

-- --------------------------------------------------------

--
-- Table structure for table `taxamounts`
--

CREATE TABLE `taxamounts` (
  `id` bigint(20) UNSIGNED NOT NULL,
  `country_id` int(11) NOT NULL,
  `state_id` int(11) NOT NULL,
  `tax_amount` int(11) NOT NULL,
  `status` tinyint(11) NOT NULL,
  `created_at` timestamp NULL DEFAULT NULL,
  `updated_at` timestamp NULL DEFAULT NULL
) ENGINE=InnoDB DEFAULT CHARSET=utf8mb4 COLLATE=utf8mb4_unicode_ci;

--
-- Dumping data for table `taxamounts`
--

INSERT INTO `taxamounts` (`id`, `country_id`, `state_id`, `tax_amount`, `status`, `created_at`, `updated_at`) VALUES
(1, 1, 1, 100, 1, '2021-07-05 07:41:55', NULL),
(2, 1, 2, 200, 1, '2021-07-05 07:42:31', NULL),
(3, 1, 5, 500, 1, '2021-07-05 07:43:03', NULL),
(4, 2, 4, 1000, 1, '2021-07-05 07:43:31', NULL),
(5, 3, 3, 2000, 1, '2021-07-05 07:44:08', '2021-07-06 00:44:06');

-- --------------------------------------------------------

--
-- Table structure for table `testimonials`
--

CREATE TABLE `testimonials` (
  `id` bigint(20) UNSIGNED NOT NULL,
  `name` varchar(255) COLLATE utf8mb4_unicode_ci NOT NULL,
  `designation` varchar(255) COLLATE utf8mb4_unicode_ci NOT NULL,
  `description` text COLLATE utf8mb4_unicode_ci NOT NULL,
  `image` varchar(255) COLLATE utf8mb4_unicode_ci NOT NULL,
  `created_at` timestamp NULL DEFAULT NULL,
  `updated_at` timestamp NULL DEFAULT NULL
) ENGINE=InnoDB DEFAULT CHARSET=utf8mb4 COLLATE=utf8mb4_unicode_ci;

--
-- Dumping data for table `testimonials`
--

INSERT INTO `testimonials` (`id`, `name`, `designation`, `description`, `image`, `created_at`, `updated_at`) VALUES
(1, 'Nikhil Shah', 'Trainee', 'Lorem Ipsum Dolor Sit Amet, Consectetur Adipiscing Elit. Sed At Ante. Mauris Eleifend, Quam A Vulputate Dictum, Massa Quam Dapibus Leo, Eget Vulputate Orci Purus Ut Lorem. In Fringilla Mi In Ligula. Pellentesque Aliquam Quam Vel Dolor. Every Item Is A Vital Part Of A Woman\'s Wardrobe.', 'image/testimonials/60e2e86ad71c6.jpg', NULL, NULL),
(2, 'Vivek Chauhan', 'Student', 'Lorem Ipsum Dolor Sit Amet, Consectetur Adipiscing Elit. Sed At Ante. Mauris Eleifend, Quam A Vulputate Dictum, Massa Quam Dapibus Leo, Eget Vulputate Orci Purus Ut Lorem. In Fringilla Mi In Ligula. Pellentesque Aliquam Quam Vel Dolor. Every Item Is A Vital Part Of A Woman\'s Wardrobe.', 'image/testimonials/60e2e8a120465.png', NULL, NULL),
(3, 'Parth Thakkar', 'Cyclist', 'Lorem Ipsum Dolor Sit Amet, Consectetur Adipiscing Elit. Sed At Ante. Mauris Eleifend, Quam A Vulputate Dictum, Massa Quam Dapibus Leo, Eget Vulputate Orci Purus Ut Lorem. In Fringilla Mi In Ligula. Pellentesque Aliquam Quam Vel Dolor. Every Item Is A Vital Part Of A Woman\'s Wardrobe.', 'image/testimonials/60e2e8d424a63.jpg', NULL, NULL),
(4, 'Anjali Shah', 'C.S.', 'Lorem Ipsum Dolor Sit Amet, Consectetur Adipiscing Elit. Sed At Ante. Mauris Eleifend, Quam A Vulputate Dictum, Massa Quam Dapibus Leo, Eget Vulputate Orci Purus Ut Lorem. In Fringilla Mi In Ligula. Pellentesque Aliquam Quam Vel Dolor. Every Item Is A Vital Part Of A Woman\'s Wardrobe.', 'image/testimonials/60e2e8fbaabf1.png', NULL, NULL);

-- --------------------------------------------------------

--
-- Table structure for table `users`
--

CREATE TABLE `users` (
  `id` bigint(20) UNSIGNED NOT NULL,
  `name` varchar(255) COLLATE utf8mb4_unicode_ci NOT NULL,
  `email` varchar(255) COLLATE utf8mb4_unicode_ci NOT NULL,
  `email_verified_at` timestamp NULL DEFAULT NULL,
  `password` varchar(255) COLLATE utf8mb4_unicode_ci NOT NULL,
  `two_factor_secret` text COLLATE utf8mb4_unicode_ci DEFAULT NULL,
  `two_factor_recovery_codes` text COLLATE utf8mb4_unicode_ci DEFAULT NULL,
  `remember_token` varchar(100) COLLATE utf8mb4_unicode_ci DEFAULT NULL,
  `current_team_id` bigint(20) UNSIGNED DEFAULT NULL,
  `profile_photo_path` varchar(2048) COLLATE utf8mb4_unicode_ci DEFAULT NULL,
  `created_at` timestamp NULL DEFAULT NULL,
  `updated_at` timestamp NULL DEFAULT NULL
) ENGINE=InnoDB DEFAULT CHARSET=utf8mb4 COLLATE=utf8mb4_unicode_ci;

--
-- Dumping data for table `users`
--

INSERT INTO `users` (`id`, `name`, `email`, `email_verified_at`, `password`, `two_factor_secret`, `two_factor_recovery_codes`, `remember_token`, `current_team_id`, `profile_photo_path`, `created_at`, `updated_at`) VALUES
(1, 'Nikhil', 'admin@gmail.com', NULL, '$2y$10$tnXS/99zWL8uuWm47EVNWetJZ4hC5AFr0yqqwRPwC0ksJFWHoBqfq', NULL, NULL, 'T39VDC4GtcmQTTMfvYzEtLU02t3hxwhcrDetk6pNWND5j8wGq5HQznCxrH7G', NULL, NULL, '2021-06-23 04:10:15', '2021-06-30 01:31:00');

-- --------------------------------------------------------

--
-- Table structure for table `wishlists`
--

CREATE TABLE `wishlists` (
  `id` bigint(20) UNSIGNED NOT NULL,
  `user_id` int(11) NOT NULL,
  `product_id` int(11) NOT NULL,
  `created_at` timestamp NULL DEFAULT NULL,
  `updated_at` timestamp NULL DEFAULT NULL
) ENGINE=InnoDB DEFAULT CHARSET=utf8mb4 COLLATE=utf8mb4_unicode_ci;

--
-- Dumping data for table `wishlists`
--

INSERT INTO `wishlists` (`id`, `user_id`, `product_id`, `created_at`, `updated_at`) VALUES
(14, 6, 7, '2021-07-23 05:21:29', NULL),
(15, 6, 9, '2021-07-26 04:06:11', NULL);

--
-- Indexes for dumped tables
--

--
-- Indexes for table `abouts`
--
ALTER TABLE `abouts`
  ADD PRIMARY KEY (`id`);

--
-- Indexes for table `billinginformations`
--
ALTER TABLE `billinginformations`
  ADD PRIMARY KEY (`id`);

--
-- Indexes for table `cancelorders`
--
ALTER TABLE `cancelorders`
  ADD PRIMARY KEY (`id`);

--
-- Indexes for table `categories`
--
ALTER TABLE `categories`
  ADD PRIMARY KEY (`id`);

--
-- Indexes for table `cities`
--
ALTER TABLE `cities`
  ADD PRIMARY KEY (`id`);

--
-- Indexes for table `colors`
--
ALTER TABLE `colors`
  ADD PRIMARY KEY (`id`);

--
-- Indexes for table `contacts`
--
ALTER TABLE `contacts`
  ADD PRIMARY KEY (`id`);

--
-- Indexes for table `countries`
--
ALTER TABLE `countries`
  ADD PRIMARY KEY (`id`);

--
-- Indexes for table `coupons`
--
ALTER TABLE `coupons`
  ADD PRIMARY KEY (`id`);

--
-- Indexes for table `failed_jobs`
--
ALTER TABLE `failed_jobs`
  ADD PRIMARY KEY (`id`),
  ADD UNIQUE KEY `failed_jobs_uuid_unique` (`uuid`);

--
-- Indexes for table `frontusers`
--
ALTER TABLE `frontusers`
  ADD PRIMARY KEY (`id`);

--
-- Indexes for table `migrations`
--
ALTER TABLE `migrations`
  ADD PRIMARY KEY (`id`);

--
-- Indexes for table `newsletters`
--
ALTER TABLE `newsletters`
  ADD PRIMARY KEY (`id`);

--
-- Indexes for table `newsletterusers`
--
ALTER TABLE `newsletterusers`
  ADD PRIMARY KEY (`id`);

--
-- Indexes for table `orders`
--
ALTER TABLE `orders`
  ADD PRIMARY KEY (`id`);

--
-- Indexes for table `password_resets`
--
ALTER TABLE `password_resets`
  ADD KEY `password_resets_email_index` (`email`);

--
-- Indexes for table `personal_access_tokens`
--
ALTER TABLE `personal_access_tokens`
  ADD PRIMARY KEY (`id`),
  ADD UNIQUE KEY `personal_access_tokens_token_unique` (`token`),
  ADD KEY `personal_access_tokens_tokenable_type_tokenable_id_index` (`tokenable_type`,`tokenable_id`);

--
-- Indexes for table `products`
--
ALTER TABLE `products`
  ADD PRIMARY KEY (`id`);

--
-- Indexes for table `returnorders`
--
ALTER TABLE `returnorders`
  ADD PRIMARY KEY (`id`);

--
-- Indexes for table `reviews`
--
ALTER TABLE `reviews`
  ADD PRIMARY KEY (`id`);

--
-- Indexes for table `sessions`
--
ALTER TABLE `sessions`
  ADD PRIMARY KEY (`id`),
  ADD KEY `sessions_user_id_index` (`user_id`),
  ADD KEY `sessions_last_activity_index` (`last_activity`);

--
-- Indexes for table `shippinginformations`
--
ALTER TABLE `shippinginformations`
  ADD PRIMARY KEY (`id`);

--
-- Indexes for table `sizes`
--
ALTER TABLE `sizes`
  ADD PRIMARY KEY (`id`);

--
-- Indexes for table `sliders`
--
ALTER TABLE `sliders`
  ADD PRIMARY KEY (`id`);

--
-- Indexes for table `states`
--
ALTER TABLE `states`
  ADD PRIMARY KEY (`id`);

--
-- Indexes for table `subcategories`
--
ALTER TABLE `subcategories`
  ADD PRIMARY KEY (`id`);

--
-- Indexes for table `taxamounts`
--
ALTER TABLE `taxamounts`
  ADD PRIMARY KEY (`id`);

--
-- Indexes for table `testimonials`
--
ALTER TABLE `testimonials`
  ADD PRIMARY KEY (`id`);

--
-- Indexes for table `users`
--
ALTER TABLE `users`
  ADD PRIMARY KEY (`id`),
  ADD UNIQUE KEY `users_email_unique` (`email`);

--
-- Indexes for table `wishlists`
--
ALTER TABLE `wishlists`
  ADD PRIMARY KEY (`id`);

--
-- AUTO_INCREMENT for dumped tables
--

--
-- AUTO_INCREMENT for table `abouts`
--
ALTER TABLE `abouts`
  MODIFY `id` bigint(20) UNSIGNED NOT NULL AUTO_INCREMENT, AUTO_INCREMENT=3;

--
-- AUTO_INCREMENT for table `billinginformations`
--
ALTER TABLE `billinginformations`
  MODIFY `id` bigint(20) UNSIGNED NOT NULL AUTO_INCREMENT, AUTO_INCREMENT=13;

--
-- AUTO_INCREMENT for table `cancelorders`
--
ALTER TABLE `cancelorders`
  MODIFY `id` bigint(20) UNSIGNED NOT NULL AUTO_INCREMENT, AUTO_INCREMENT=41;

--
-- AUTO_INCREMENT for table `categories`
--
ALTER TABLE `categories`
  MODIFY `id` bigint(20) UNSIGNED NOT NULL AUTO_INCREMENT, AUTO_INCREMENT=6;

--
-- AUTO_INCREMENT for table `cities`
--
ALTER TABLE `cities`
  MODIFY `id` bigint(20) UNSIGNED NOT NULL AUTO_INCREMENT, AUTO_INCREMENT=3;

--
-- AUTO_INCREMENT for table `colors`
--
ALTER TABLE `colors`
  MODIFY `id` bigint(20) UNSIGNED NOT NULL AUTO_INCREMENT, AUTO_INCREMENT=8;

--
-- AUTO_INCREMENT for table `contacts`
--
ALTER TABLE `contacts`
  MODIFY `id` bigint(20) UNSIGNED NOT NULL AUTO_INCREMENT, AUTO_INCREMENT=17;

--
-- AUTO_INCREMENT for table `countries`
--
ALTER TABLE `countries`
  MODIFY `id` bigint(20) UNSIGNED NOT NULL AUTO_INCREMENT, AUTO_INCREMENT=5;

--
-- AUTO_INCREMENT for table `coupons`
--
ALTER TABLE `coupons`
  MODIFY `id` bigint(20) UNSIGNED NOT NULL AUTO_INCREMENT, AUTO_INCREMENT=12;

--
-- AUTO_INCREMENT for table `failed_jobs`
--
ALTER TABLE `failed_jobs`
  MODIFY `id` bigint(20) UNSIGNED NOT NULL AUTO_INCREMENT;

--
-- AUTO_INCREMENT for table `frontusers`
--
ALTER TABLE `frontusers`
  MODIFY `id` bigint(20) UNSIGNED NOT NULL AUTO_INCREMENT, AUTO_INCREMENT=23;

--
-- AUTO_INCREMENT for table `migrations`
--
ALTER TABLE `migrations`
  MODIFY `id` int(10) UNSIGNED NOT NULL AUTO_INCREMENT, AUTO_INCREMENT=31;

--
-- AUTO_INCREMENT for table `newsletters`
--
ALTER TABLE `newsletters`
  MODIFY `id` bigint(20) UNSIGNED NOT NULL AUTO_INCREMENT, AUTO_INCREMENT=12;

--
-- AUTO_INCREMENT for table `newsletterusers`
--
ALTER TABLE `newsletterusers`
  MODIFY `id` bigint(20) UNSIGNED NOT NULL AUTO_INCREMENT, AUTO_INCREMENT=8;

--
-- AUTO_INCREMENT for table `orders`
--
ALTER TABLE `orders`
  MODIFY `id` bigint(20) UNSIGNED NOT NULL AUTO_INCREMENT, AUTO_INCREMENT=77;

--
-- AUTO_INCREMENT for table `personal_access_tokens`
--
ALTER TABLE `personal_access_tokens`
  MODIFY `id` bigint(20) UNSIGNED NOT NULL AUTO_INCREMENT;

--
-- AUTO_INCREMENT for table `products`
--
ALTER TABLE `products`
  MODIFY `id` bigint(20) UNSIGNED NOT NULL AUTO_INCREMENT, AUTO_INCREMENT=12;

--
-- AUTO_INCREMENT for table `returnorders`
--
ALTER TABLE `returnorders`
  MODIFY `id` bigint(20) UNSIGNED NOT NULL AUTO_INCREMENT, AUTO_INCREMENT=5;

--
-- AUTO_INCREMENT for table `reviews`
--
ALTER TABLE `reviews`
  MODIFY `id` bigint(20) UNSIGNED NOT NULL AUTO_INCREMENT, AUTO_INCREMENT=12;

--
-- AUTO_INCREMENT for table `shippinginformations`
--
ALTER TABLE `shippinginformations`
  MODIFY `id` bigint(20) UNSIGNED NOT NULL AUTO_INCREMENT, AUTO_INCREMENT=13;

--
-- AUTO_INCREMENT for table `sizes`
--
ALTER TABLE `sizes`
  MODIFY `id` bigint(20) UNSIGNED NOT NULL AUTO_INCREMENT, AUTO_INCREMENT=10;

--
-- AUTO_INCREMENT for table `sliders`
--
ALTER TABLE `sliders`
  MODIFY `id` bigint(20) UNSIGNED NOT NULL AUTO_INCREMENT, AUTO_INCREMENT=4;

--
-- AUTO_INCREMENT for table `states`
--
ALTER TABLE `states`
  MODIFY `id` bigint(20) UNSIGNED NOT NULL AUTO_INCREMENT, AUTO_INCREMENT=6;

--
-- AUTO_INCREMENT for table `subcategories`
--
ALTER TABLE `subcategories`
  MODIFY `id` bigint(20) UNSIGNED NOT NULL AUTO_INCREMENT, AUTO_INCREMENT=8;

--
-- AUTO_INCREMENT for table `taxamounts`
--
ALTER TABLE `taxamounts`
  MODIFY `id` bigint(20) UNSIGNED NOT NULL AUTO_INCREMENT, AUTO_INCREMENT=6;

--
-- AUTO_INCREMENT for table `testimonials`
--
ALTER TABLE `testimonials`
  MODIFY `id` bigint(20) UNSIGNED NOT NULL AUTO_INCREMENT, AUTO_INCREMENT=5;

--
-- AUTO_INCREMENT for table `users`
--
ALTER TABLE `users`
  MODIFY `id` bigint(20) UNSIGNED NOT NULL AUTO_INCREMENT, AUTO_INCREMENT=2;

--
-- AUTO_INCREMENT for table `wishlists`
--
ALTER TABLE `wishlists`
  MODIFY `id` bigint(20) UNSIGNED NOT NULL AUTO_INCREMENT, AUTO_INCREMENT=16;
COMMIT;

/*!40101 SET CHARACTER_SET_CLIENT=@OLD_CHARACTER_SET_CLIENT */;
/*!40101 SET CHARACTER_SET_RESULTS=@OLD_CHARACTER_SET_RESULTS */;
/*!40101 SET COLLATION_CONNECTION=@OLD_COLLATION_CONNECTION */;
